reference,color_normalized,product_key,descriptions,first_movement_date,last_movement_date,total_qty_in,total_qty_out,current_net_qty,movement_rows,sources
010101,ARENA,010101|ARENA,PERUANA 200 GR,2025-12-31,2026-06-30,4195.07,1028.1399999999999,3166.93,227,opening | sales
010101,AZUL M,010101|AZUL M,PERUANA 200 GR,2025-12-31,2026-06-30,1206.35,618.61,587.74,70,opening | receipts | sales
010101,BLANCO,010101|BLANCO,PERUANA 200 GR,2025-12-31,2026-06-30,7305.03,3227.3,4077.73,385,opening | receipts | sales
010101,BURGUNDY,010101|BURGUNDY,PERUANA 200 GR,2025-12-31,2026-04-30,817.6600000000001,312.21,505.45000000000005,34,opening | sales
010101,CEMENTO,010101|CEMENTO,PERUANA 200 GR,2025-12-31,2026-05-31,2359.14,196.49,2162.65,133,opening | sales
010101,CHOCOLATE,010101|CHOCOLATE,PERUANA 200 GR,2025-12-31,2026-04-30,2568.92,97.7,2471.22,135,opening | sales
010101,COLONIAL BLUE,010101|COLONIAL BLUE,PERUANA 200 GR,2025-12-31,2026-06-30,1643.4,435.6,1207.8,91,opening | sales
010101,INDIGO,010101|INDIGO,PERUANA 200 GR,2025-12-31,2026-06-30,994.36,165.34,829.02,60,opening | sales
010101,IVORY,010101|IVORY,PERUANA 200 GR,2025-12-31,2026-06-30,6659.54,3572.41,3087.13,344,opening | receipts | sales
010101,JASPE CLARO,010101|JASPE CLARO,PERUANA 200 GR,2025-12-31,2025-12-31,557.9,0.0,557.9,30,opening
010101,JASPE OSCURO,010101|JASPE OSCURO,PERUANA 200 GR,2025-12-31,2026-03-31,381.48,18.8,362.68,22,opening | sales
010101,KAKY,010101|KAKY,PERUANA 200 GR,2025-12-31,2026-06-30,2535.5,638.8,1896.7,137,opening | receipts | sales
010101,LILA,010101|LILA,PERUANA 200 GR,2025-12-31,2026-06-30,184.1,162.9,21.19999999999999,12,opening | sales
010101,NEGRO,010101|NEGRO,PERUANA 200 GR,2025-12-31,2026-06-30,15948.91,13963.57,1985.3399999999997,783,opening | receipts | sales
010101,PAPRIKA,010101|PAPRIKA,PERUANA 200 GR,2025-12-31,2026-03-31,159.03,134.93,24.099999999999994,11,opening | sales
010101,RATA,010101|RATA,PERUANA 200 GR,2025-12-31,2026-05-31,2133.57,256.75,1876.82,117,opening | sales
010101,ROJO,010101|ROJO,PERUANA 200 GR,2025-12-31,2026-06-30,2579.16,1873.88,705.28,140,opening | receipts | sales
010101,ROSADO,010101|ROSADO,PERUANA 200 GR,2025-12-31,2025-12-31,17.6,0.0,17.6,1,opening
010101,ROSADO VIVO,010101|ROSADO VIVO,PERUANA 200 GR,2025-12-31,2026-06-30,462.40000000000003,188.6,273.8,27,opening | sales
010101,ROSE,010101|ROSE,PERUANA 200 GR,2025-12-31,2026-05-31,115.28999999999999,38.88,76.41,8,opening | sales
010101,TOFFE,010101|TOFFE,PERUANA 200 GR,2025-12-31,2026-03-31,1000.21,18.89,981.3199999999999,52,opening | sales
010101,TURQUI,010101|TURQUI,PERUANA 200 GR,2025-12-31,2026-04-30,716.25,716.25,1.4210854715202004e-14,43,opening | sales
010101,VERDE BOTELLA,010101|VERDE BOTELLA,PERUANA 200 GR,2025-12-31,2026-06-30,939.19,1076.49,-137.3,52,opening | receipts | sales
010102,ARENA,010102|ARENA,PERUANA 250 GR,2025-12-31,2026-06-30,7028.64,2184.67,4843.97,380,opening | sales
010102,AZUL M,010102|AZUL M,PERUANA 250 GR,2025-12-31,2026-06-30,1796.34,904.73,891.61,99,opening | sales
010102,BLANCO,010102|BLANCO,PERUANA 250 GR,2025-12-31,2026-06-30,6960.45,3878.59,3081.86,378,opening | sales
010102,BURGUNDY,010102|BURGUNDY,PERUANA 250 GR,2025-12-31,2026-06-30,525.76,187.0,338.76,30,opening | sales
010102,CAMEL,010102|CAMEL,PERUANA 250 GR,2025-12-31,2026-04-30,3572.2200000000003,732.36,2839.86,207,opening | sales
010102,CEMENTO,010102|CEMENTO,PERUANA 250 GR,2025-12-31,2026-05-31,4229.25,866.95,3362.3,230,opening | sales
010102,CHOCOLATE,010102|CHOCOLATE,PERUANA 250 GR,2025-12-31,2026-06-30,2520.84,2002.6100000000001,518.23,127,opening | sales
010102,CIELO,010102|CIELO,PERUANA 250 GR,2025-12-31,2026-01-31,89.6,16.9,72.7,6,opening | sales
010102,COLONIAL BLUE,010102|COLONIAL BLUE,PERUANA 250 GR,2025-12-31,2026-05-31,1002.6,194.6,808.0,60,opening | sales
010102,INDIGO,010102|INDIGO,PERUANA 250 GR,2025-12-31,2026-06-30,413.88,413.88,-1.4210854715202004e-14,29,opening | sales
010102,IVORY,010102|IVORY,PERUANA 250 GR,2025-12-31,2026-06-30,11560.74,4986.47,6574.27,629,opening | receipts | sales
010102,KAKY,010102|KAKY,PERUANA 250 GR,2025-12-31,2026-05-31,1775.8700000000001,502.13999999999993,1273.73,107,opening | sales
010102,NEGRO,010102|NEGRO,PERUANA 250 GR,2025-12-31,2026-06-30,21985.06,12384.75,9600.31,1203,opening | sales
010102,PAPRIKA,010102|PAPRIKA,PERUANA 250 GR,2025-12-31,2026-05-31,579.25,18.0,561.25,34,opening | sales
010102,RATA,010102|RATA,PERUANA 250 GR,2025-12-31,2026-06-30,1989.72,627.1800000000001,1362.54,110,opening | sales
010102,ROJO,010102|ROJO,PERUANA 250 GR,2025-12-31,2026-06-30,2482.98,2142.93,340.04999999999995,144,opening | sales
010102,ROSADO VIVO,010102|ROSADO VIVO,PERUANA 250 GR,2025-12-31,2026-05-31,217.4,217.4,0.0,16,opening | sales
010102,TOFFE,010102|TOFFE,PERUANA 250 GR,2025-12-31,2026-05-31,428.25,163.4,264.84999999999997,25,opening | sales
010102,VERDE BOTELLA,010102|VERDE BOTELLA,PERUANA 250 GR,2025-12-31,2026-06-30,1896.83,1062.37,834.46,104,opening | sales
010103,ROSADO VIVO,010103|ROSADO VIVO,PERUANA 230 GR,2025-12-31,2025-12-31,21.1,0.0,21.1,1,opening
010104,ARENA,010104|ARENA,PERUANA 150 GR,2025-12-31,2026-06-30,473.8,80.55,393.25,30,opening | sales
010104,BLANCO,010104|BLANCO,PERUANA 150 GR,2025-12-31,2026-05-31,542.59,191.83,350.76,32,opening | sales
010104,CEMENTO,010104|CEMENTO,PERUANA 150 GR,2025-12-31,2026-06-30,264.8,158.15,106.65,18,opening | sales
010104,IVORY,010104|IVORY,PERUANA 150 GR,2025-12-31,2026-04-30,880.3,106.51,773.79,51,opening | sales
010104,KAKY,010104|KAKY,PERUANA 150 GR,2025-12-31,2026-06-30,128.04,108.6,19.44,9,opening | sales
010104,NEGRO,010104|NEGRO,PERUANA 150 GR,2025-12-31,2026-06-30,2334.2599999999998,807.31,1526.95,132,opening | sales
010104,PAPRIKA,010104|PAPRIKA,PERUANA 150 GR,2025-12-31,2026-06-30,177.71,20.99,156.72,11,opening | sales
010104,RATA,010104|RATA,PERUANA 150 GR,2025-12-31,2026-04-30,54.45,36.45,18.0,4,opening | sales
010104,ROJO,010104|ROJO,PERUANA 150 GR,2025-12-31,2026-05-31,660.08,96.03,564.05,42,opening | sales
010104,TOFFE,010104|TOFFE,PERUANA 150 GR,2025-12-31,2026-04-30,476.73,40.7,436.03,25,opening | sales
010104,TURQUI,010104|TURQUI,PERUANA 150 GR,2025-12-31,2026-04-30,385.05,35.25,349.8,23,opening | sales
010104,VERDE MILITAR,010104|VERDE MILITAR,PERUANA 150 GR,2025-12-31,2026-06-30,100.2,20.14,80.06,6,opening | sales
010105,AMARILLO MEDIO,010105|AMARILLO MEDIO,PERUANA PIQUE LICRADO,2025-12-31,2026-05-31,394.3,161.55,232.74999999999997,24,opening | sales
010105,ARENA,010105|ARENA,PERUANA PIQUE LICRADO,2025-12-31,2026-06-30,484.9,36.099999999999994,448.8,30,opening | sales
010105,AZUL M,010105|AZUL M,PERUANA PIQUE LICRADO,2025-12-31,2026-05-31,332.1,151.9,180.2,21,opening | sales
010105,BLANCO,010105|BLANCO,PERUANA PIQUE LICRADO,2025-12-31,2026-06-30,2578.5,716.2,1862.3,150,opening | sales
010105,CEMENTO,010105|CEMENTO,PERUANA PIQUE LICRADO,2025-12-31,2026-06-30,444.55,162.75,281.8,28,opening | sales
010105,CIELO,010105|CIELO,PERUANA PIQUE LICRADO,2025-12-31,2025-12-31,344.05,0.0,344.05,19,opening
010105,IVORY,010105|IVORY,PERUANA PIQUE LICRADO,2025-12-31,2026-05-31,144.05,144.05,0.0,11,opening | sales
010105,KAKY,010105|KAKY,PERUANA PIQUE LICRADO,2025-12-31,2026-05-31,433.35,135.4,297.95,26,opening | sales
010105,LILA,010105|LILA,PERUANA PIQUE LICRADO,2025-12-31,2026-03-31,366.0,18.35,347.65000000000003,21,opening | sales
010105,MENTA BEBE,010105|MENTA BEBE,PERUANA PIQUE LICRADO,2025-12-31,2025-12-31,271.85,0.0,271.85,15,opening
010105,NEGRO,010105|NEGRO,PERUANA PIQUE LICRADO,2025-12-31,2026-06-30,2965.4,739.75,2225.65,171,opening | sales
010105,PAPRIKA,010105|PAPRIKA,PERUANA PIQUE LICRADO,2025-12-31,2026-03-31,353.0,17.75,335.25,21,opening | sales
010105,PISTACHO,010105|PISTACHO,PERUANA PIQUE LICRADO,2025-12-31,2026-03-31,179.29999999999998,17.75,161.54999999999998,11,opening | sales
010105,RATA,010105|RATA,PERUANA PIQUE LICRADO,2025-12-31,2026-05-31,341.4,136.0,205.39999999999998,21,opening | sales
010105,ROJO,010105|ROJO,PERUANA PIQUE LICRADO,2025-12-31,2026-05-31,160.4,143.25,17.14999999999999,12,opening | sales
010105,ROSADO,010105|ROSADO,PERUANA PIQUE LICRADO,2025-12-31,2026-03-31,311.15,18.15,293.0,18,opening | sales
010105,TURQUI,010105|TURQUI,PERUANA PIQUE LICRADO,2026-02-26,2026-06-30,762.9000000000001,163.9,599.0,47,receipts | sales
010105,VERDE BOTELLA,010105|VERDE BOTELLA,PERUANA PIQUE LICRADO,2025-12-31,2026-03-31,337.54,38.3,299.24,21,opening | sales
010105,VERDE MILITAR,010105|VERDE MILITAR,PERUANA PIQUE LICRADO,2025-12-31,2025-12-31,290.55,0.0,290.55,17,opening
010106,ARENA,010106|ARENA,PERUANA 310 GR,2025-12-31,2026-06-30,1179.89,1112.31,67.58000000000004,72,opening | receipts | sales
010106,BLANCO,010106|BLANCO,PERUANA 310 GR,2025-12-31,2026-06-30,1900.03,1012.73,887.3,97,opening | receipts | sales
010106,CEMENTO,010106|CEMENTO,PERUANA 310 GR,2026-02-26,2026-04-30,434.72,206.88,227.84,25,receipts | sales
010106,CHOCOLATE,010106|CHOCOLATE,PERUANA 310 GR,2025-12-31,2026-04-30,634.6,217.47000000000003,417.13,36,opening | receipts | sales
010106,IVORY,010106|IVORY,PERUANA 310 GR,2025-12-31,2026-06-30,4575.35,2568.25,2007.1,261,opening | receipts | sales
010106,KAKY,010106|KAKY,PERUANA 310 GR,2025-12-31,2026-06-30,918.09,792.2,125.89000000000003,58,opening | sales
010106,NEGRO,010106|NEGRO,PERUANA 310 GR,2025-12-31,2026-06-30,9056.0,5818.84,3237.1600000000003,490,opening | receipts | sales
010106,RATA,010106|RATA,PERUANA 310 GR,2026-03-13,2026-06-30,446.97,95.14,351.83,25,receipts | sales
010106,ROJO,010106|ROJO,PERUANA 310 GR,2025-12-31,2026-05-31,460.67,421.51,39.16,28,opening | receipts | sales
010107,AZUL M,010107|AZUL M,PERUANA INTERLOCK 335 GR,2026-06-30,2026-06-30,0.0,19.1,-19.1,1,sales
010107,IVORY,010107|IVORY,PERUANA INTERLOCK 335 GR,2026-03-10,2026-05-31,283.0,92.30000000000001,190.7,19,receipts | sales
010107,NEGRO,010107|NEGRO,PERUANA INTERLOCK 335 GR,2026-03-31,2026-06-30,0.0,346.3,-346.3,4,sales
010107,VERDE BOTELLA,010107|VERDE BOTELLA,PERUANA INTERLOCK 335 GR,2026-05-31,2026-05-31,0.0,18.1,-18.1,1,sales
010107,VERDE SECO,010107|VERDE SECO,PERUANA INTERLOCK 335 GR,2026-06-30,2026-06-30,0.0,19.1,-19.1,1,sales
010108,ARENA,010108|ARENA,PERUANA INTERLOCK 243 GR,2026-03-16,2026-04-30,226.70000000000002,18.6,208.10000000000002,13,receipts | sales
010108,AZUL M,010108|AZUL M,PERUANA INTERLOCK 243 GR,2026-03-16,2026-03-16,224.20000000000002,0.0,224.20000000000002,12,receipts
010108,BLANCO,010108|BLANCO,PERUANA INTERLOCK 243 GR,2026-03-16,2026-05-31,898.2,75.4,822.8000000000001,50,receipts | sales
010108,CHOCOLATE,010108|CHOCOLATE,PERUANA INTERLOCK 243 GR,2026-04-28,2026-04-28,435.70000000000005,0.0,435.70000000000005,23,receipts
010108,IVORY,010108|IVORY,PERUANA INTERLOCK 243 GR,2026-03-16,2026-05-31,2032.2,75.9,1956.3000000000002,109,receipts | sales
010108,KAKY,010108|KAKY,PERUANA INTERLOCK 243 GR,2026-03-16,2026-04-28,813.3000000000001,0.0,813.3000000000001,48,receipts
010108,NEGRO,010108|NEGRO,PERUANA INTERLOCK 243 GR,2026-03-16,2026-05-31,3169.8,176.9,2992.9,166,receipts | sales
010108,PALO DE ROSA,010108|PALO DE ROSA,PERUANA INTERLOCK 243 GR,2026-03-16,2026-03-16,221.70000000000002,0.0,221.70000000000002,12,receipts
010108,ROJO,010108|ROJO,PERUANA INTERLOCK 243 GR,2026-04-28,2026-04-28,726.7,0.0,726.7,37,receipts
010108,VERDE BOTELLA,010108|VERDE BOTELLA,PERUANA INTERLOCK 243 GR,2026-04-28,2026-04-28,443.3,0.0,443.3,23,receipts
010108,VERDE SECO,010108|VERDE SECO,PERUANA INTERLOCK 243 GR,2026-03-16,2026-03-16,224.20000000000002,0.0,224.20000000000002,12,receipts
010201,ARENA,010201|ARENA,REEB PERUANA 200 GR | RIB PERUANO 200,2025-12-31,2026-06-30,293.45,60.1,233.35,7,opening | sales
010201,AZUL M,010201|AZUL M,REEB PERUANA 200 GR | RIB PERUANO 200,2025-12-31,2026-06-30,42.849999999999994,30.8,12.049999999999997,8,opening | receipts | sales
010201,BLANCO,010201|BLANCO,REEB PERUANA 200 GR | RIB PERUANO 200,2025-12-31,2026-06-30,1207.0600000000002,192.79999999999998,1014.2600000000001,8,opening | receipts | sales
010201,BURGUNDY,010201|BURGUNDY,REEB PERUANA 200 GR | RIB PERUANO 200,2025-12-31,2026-04-30,22.8,11.9,10.9,4,opening | sales
010201,CEMENTO,010201|CEMENTO,REEB PERUANA 200 GR | RIB PERUANO 200,2025-12-31,2026-05-31,87.14999999999999,9.7,77.44999999999999,5,opening | sales
010201,CHOCOLATE,010201|CHOCOLATE,REEB PERUANA 200 GR | RIB PERUANO 200,2025-12-31,2026-04-30,116.68,6.4,110.28,5,opening | sales
010201,CIELO,010201|CIELO,RIB PERUANO 200,2025-12-31,2025-12-31,2.5,0.0,2.5,1,opening
010201,COLONIAL BLUE,010201|COLONIAL BLUE,REEB PERUANA 200 GR | RIB PERUANO 200,2025-12-31,2026-05-31,102.7,42.5,60.2,5,opening | sales
010201,INDIGO,010201|INDIGO,REEB PERUANA 200 GR | RIB PERUANO 200,2025-12-31,2026-05-31,4.1000000000000005,6.1,-1.9999999999999991,4,opening | sales
010201,IVORY,010201|IVORY,REEB PERUANA 200 GR | RIB PERUANO 200,2025-12-31,2026-06-30,490.14000000000004,227.8,262.34000000000003,8,opening | receipts | sales
010201,KAKY,010201|KAKY,REEB PERUANA 200 GR | RIB PERUANO 200,2025-12-31,2026-06-30,141.55,42.7,98.85,8,opening | receipts | sales
010201,NEGRO,010201|NEGRO,REEB PERUANA 200 GR | RIB PERUANO 200,2025-12-31,2026-06-30,1817.2400000000002,654.02,1163.2200000000003,10,opening | receipts | sales
010201,PAPRIKA,010201|PAPRIKA,REEB PERUANA 200 GR | RIB PERUANO 200,2025-12-31,2026-03-31,11.3,4.5,6.800000000000001,2,opening | sales
010201,RATA,010201|RATA,REEB PERUANA 200 GR | RIB PERUANO 200,2025-12-31,2026-05-31,147.44,17.0,130.44,6,opening | sales
010201,ROJO,010201|ROJO,REEB PERUANA 200 GR | RIB PERUANO 200,2025-12-31,2026-06-30,156.78,80.10000000000001,76.67999999999999,8,opening | receipts | sales
010201,ROSADO VIVO,010201|ROSADO VIVO,REEB PERUANA 200 GR | RIB PERUANO 200,2025-12-31,2026-06-30,20.5,9.5,11.0,5,opening | sales
010201,TOFFE,010201|TOFFE,REEB PERUANA 200 GR | RIB PERUANO 200,2025-12-31,2026-03-31,23.1,3.2,19.900000000000002,2,opening | sales
010201,TURQUI,010201|TURQUI,REEB PERUANA 200 GR | RIB PERUANO 200,2025-12-31,2026-05-31,74.5,55.0,19.5,6,opening | sales
010201,VERDE BOTELLA,010201|VERDE BOTELLA,REEB PERUANA 200 GR,2026-01-31,2026-04-30,26.8,47.36,-20.56,4,receipts | sales
010201,VERDE MILITAR,010201|VERDE MILITAR,RIB PERUANO 200,2025-12-31,2025-12-31,20.8,0.0,20.8,1,opening
010202,ARENA,010202|ARENA,REEB PERUANA 250 GR | RIB PERUANO 250,2025-12-31,2026-06-30,385.42999999999995,133.6,251.82999999999998,7,opening | sales
010202,AZUL M,010202|AZUL M,REEB PERUANA 250 GR | RIB PERUANO 250,2025-12-31,2026-06-30,126.8,59.7,67.1,7,opening | sales
010202,BLANCO,010202|BLANCO,REEB PERUANA 250 GR | RIB PERUANO 250,2025-12-31,2026-06-30,384.1,226.0,158.10000000000002,7,opening | sales
010202,BURGUNDY,010202|BURGUNDY,REEB PERUANA 250 GR | RIB PERUANO 250,2025-12-31,2026-06-30,32.120000000000005,10.7,21.42,7,opening | sales
010202,CAMEL,010202|CAMEL,REEB PERUANA 250 GR | RIB PERUANO 250,2025-12-31,2026-05-31,244.91,55.4,189.51,5,opening | sales
010202,CEMENTO,010202|CEMENTO,REEB PERUANA 250 GR | RIB PERUANO 250,2025-12-31,2026-05-31,277.21000000000004,47.3,229.91000000000003,6,opening | sales
010202,CHOCOLATE,010202|CHOCOLATE,REEB PERUANA 250 GR | RIB PERUANO 250,2025-12-31,2026-06-30,172.22000000000003,115.83,56.39000000000003,7,opening | sales
010202,COLONIAL BLUE,010202|COLONIAL BLUE,REEB PERUANA 250 GR | RIB PERUANO 250,2025-12-31,2026-06-30,61.1,13.3,47.800000000000004,4,opening | sales
010202,INDIGO,010202|INDIGO,REEB PERUANA 250 GR | RIB PERUANO 250,2025-12-31,2026-06-30,28.520000000000003,28.1,0.4200000000000035,6,opening | sales
010202,IVORY,010202|IVORY,REEB PERUANA 250 GR | RIB PERUANO 250,2025-12-31,2026-06-30,763.9099999999999,394.93,368.9799999999999,8,opening | receipts | sales
010202,KAKY,010202|KAKY,REEB PERUANA 250 GR | RIB PERUANO 250,2025-12-31,2026-06-30,106.93,43.7,63.230000000000004,7,opening | sales
010202,LILA,010202|LILA,REEB PERUANA 250 GR | RIB PERUANO 250,2025-12-31,2026-06-30,2.6,2.0,0.6000000000000001,3,opening | sales
010202,NEGRO,010202|NEGRO,REEB PERUANA 250 GR | RIB PERUANO 250,2025-12-31,2026-06-30,1557.2800000000009,794.86,762.4200000000009,7,opening | sales
010202,PAPRIKA,010202|PAPRIKA,RIB PERUANO 250,2025-12-31,2025-12-31,29.5,0.0,29.5,1,opening
010202,RATA,010202|RATA,REEB PERUANA 250 GR | RIB PERUANO 250,2025-12-31,2026-06-30,97.8,39.2,58.599999999999994,7,opening | sales
010202,ROJO,010202|ROJO,REEB PERUANA 250 GR | RIB PERUANO 250,2025-12-31,2026-06-30,202.41,128.1,74.30999999999999,7,opening | sales
010202,ROSADO VIVO,010202|ROSADO VIVO,REEB PERUANA 250 GR | RIB PERUANO 250,2025-12-31,2026-05-31,17.8,15.7,2.1000000000000005,5,opening | sales
010202,TOFFE,010202|TOFFE,REEB PERUANA 250 GR | RIB PERUANO 250,2025-12-31,2026-04-30,27.54,6.3,21.24,5,opening | sales
010202,VERDE BOTELLA,010202|VERDE BOTELLA,REEB PERUANA 250 GR | RIB PERUANO 250,2025-12-31,2026-06-30,98.65,67.4,31.25000000000001,6,opening | sales
010202,VERDE MILITAR,010202|VERDE MILITAR,RIB PERUANO 250,2025-12-31,2025-12-31,4.0,0.0,4.0,1,opening
010204,ARENA,010204|ARENA,REEB PERUANA 150 GR | RIB PERUANO 150,2025-12-31,2026-01-31,47.75,3.0,44.75,2,opening | sales
010204,BLANCO,010204|BLANCO,REEB PERUANA 150 GR | RIB PERUANO 150,2025-12-31,2026-05-31,120.88,9.0,111.88,4,opening | sales
010204,CEMENTO,010204|CEMENTO,REEB PERUANA 150 GR | RIB PERUANO 150,2025-12-31,2026-05-31,19.3,7.0,12.3,3,opening | sales
010204,IVORY,010204|IVORY,REEB PERUANA 150 GR | RIB PERUANO 150,2025-12-31,2026-04-30,88.94,5.0,83.94,3,opening | sales
010204,KAKY,010204|KAKY,REEB PERUANA 150 GR | RIB PERUANO 150,2025-12-31,2026-01-31,2.9,2.9,0.0,2,opening | sales
010204,NEGRO,010204|NEGRO,REEB PERUANA 150 GR | RIB PERUANO 150,2025-12-31,2026-04-30,332.80999999999995,36.0,296.80999999999995,4,opening | sales
010204,PAPRIKA,010204|PAPRIKA,REEB PERUANA 150 GR | RIB PERUANO 150,2025-12-31,2026-01-31,15.5,0.6,14.9,2,opening | sales
010204,RATA,010204|RATA,REEB PERUANA 150 GR | RIB PERUANO 150,2025-12-31,2026-04-30,11.2,2.6,8.6,2,opening | sales
010204,ROJO,010204|ROJO,REEB PERUANA 150 GR | RIB PERUANO 150,2025-12-31,2026-05-31,105.95,8.0,97.95,4,opening | sales
010204,STONE,010204|STONE,RIB PERUANO 150,2025-12-31,2025-12-31,1.2,0.0,1.2,1,opening
010204,TOFFE,010204|TOFFE,REEB PERUANA 150 GR | RIB PERUANO 150,2025-12-31,2026-04-30,22.8,3.0,19.8,2,opening | sales
010204,TURQUI,010204|TURQUI,REEB PERUANA 150 GR | RIB PERUANO 150,2025-12-31,2026-04-30,25.0,2.0,23.0,2,opening | sales
010204,VERDE MILITAR,010204|VERDE MILITAR,RIB PERUANO 150,2025-12-31,2025-12-31,12.8,0.0,12.8,1,opening
010206,ARENA,010206|ARENA,REEB PERUANA 310 GR | RIB PERUANO 310,2025-12-31,2026-05-31,60.12,52.0,8.12,8,opening | receipts | sales
010206,BLANCO,010206|BLANCO,REEB PERUANA 310 GR | RIB PERUANO 310,2025-12-31,2026-06-30,139.14,61.0,78.14,8,opening | receipts | sales
010206,CEMENTO,010206|CEMENTO,REEB PERUANA 310 GR | RIB PERUANO 310,2025-12-31,2026-04-30,79.41,11.0,68.41,5,opening | receipts | sales
010206,CHOCOLATE,010206|CHOCOLATE,REEB PERUANA 310 GR | RIB PERUANO 310,2025-12-31,2026-05-31,51.58,28.6,22.980000000000004,6,opening | receipts | sales
010206,IVORY,010206|IVORY,REEB PERUANA 310 GR | RIB PERUANO 310,2025-12-31,2026-06-30,262.03,146.5,115.52999999999999,9,opening | receipts | sales
010206,KAKY,010206|KAKY,REEB PERUANA 310 GR | RIB PERUANO 310,2025-12-31,2026-04-30,40.6,36.8,3.8000000000000025,4,opening | sales
010206,NEGRO,010206|NEGRO,REEB PERUANA 310 GR | RIB PERUANO 310,2025-12-31,2026-06-30,657.21,392.3,264.9100000000001,8,opening | receipts | sales
010206,RATA,010206|RATA,REEB PERUANA 310 GR,2026-03-13,2026-06-30,23.21,5.0,18.21,3,receipts | sales
010206,ROJO,010206|ROJO,REEB PERUANA 310 GR | RIB PERUANO 310,2025-12-31,2026-05-31,26.04,24.0,2.039999999999999,6,opening | receipts | sales
010207,AZUL M,010207|AZUL M,RIB PERUANA INTERLOCK 335 GR,2026-06-30,2026-06-30,0.0,1.2,-1.2,1,sales
010207,IVORY,010207|IVORY,RIB PERUANA INTERLOCK 335 GR,2026-03-31,2026-05-31,0.0,28.4,-28.4,3,sales
010207,NEGRO,010207|NEGRO,RIB PERUANA INTERLOCK 335 GR,2026-03-31,2026-06-30,0.0,42.4,-42.4,4,sales
010207,VERDE BOTELLA,010207|VERDE BOTELLA,RIB PERUANA INTERLOCK 335 GR,2026-05-31,2026-05-31,0.0,1.5,-1.5,1,sales
010207,VERDE SECO,010207|VERDE SECO,RIB PERUANA INTERLOCK 335 GR,2026-06-30,2026-06-30,0.0,1.2,-1.2,1,sales
010208,ARENA,010208|ARENA,RIB PERUANA INTERLOCK 243 GR,2026-03-16,2026-04-30,17.4,1.0,16.4,2,receipts | sales
010208,AZUL M,010208|AZUL M,RIB PERUANA INTERLOCK 243 GR,2026-03-16,2026-04-30,12.8,1.0,11.8,2,receipts | sales
010208,BLANCO,010208|BLANCO,RIB PERUANA INTERLOCK 243 GR,2026-03-16,2026-05-31,56.099999999999994,4.6,51.5,4,receipts | sales
010208,CHOCOLATE,010208|CHOCOLATE,RIB PERUANA INTERLOCK 243 GR,2026-04-28,2026-04-28,27.2,0.0,27.2,1,receipts
010208,IVORY,010208|IVORY,RIB PERUANA INTERLOCK 243 GR,2026-03-16,2026-06-30,124.4,29.2,95.2,6,receipts | sales
010208,KAKY,010208|KAKY,RIB PERUANA INTERLOCK 243 GR,2026-03-16,2026-04-28,48.7,0.0,48.7,2,receipts
010208,NEGRO,010208|NEGRO,RIB PERUANA INTERLOCK 243 GR,2026-03-16,2026-06-30,196.29999999999998,33.7,162.6,6,receipts | sales
010208,PALO DE ROSA,010208|PALO DE ROSA,RIB PERUANA INTERLOCK 243 GR,2026-03-16,2026-03-16,13.2,0.0,13.2,1,receipts
010208,ROJO,010208|ROJO,RIB PERUANA INTERLOCK 243 GR,2026-04-28,2026-04-28,46.3,0.0,46.3,1,receipts
010208,VERDE BOTELLA,010208|VERDE BOTELLA,RIB PERUANA INTERLOCK 243 GR,2026-04-28,2026-04-28,28.1,0.0,28.1,1,receipts
010208,VERDE SECO,010208|VERDE SECO,RIB PERUANA INTERLOCK 243 GR,2026-03-16,2026-03-16,14.1,0.0,14.1,1,receipts
010301,AMARILLO MEDIO,010301|AMARILLO MEDIO,"CUELLO S-M + PUNO | CUELLO S-M 40X8,5 + J PUNO 37,5X3,5",2025-12-31,2026-05-31,537.0,280.0,257.0,2,opening | sales
010301,ARENA,010301|ARENA,"CUELLO S-M + PUNO | CUELLO S-M 40X8,5 + J PUNO 37,5X3,5",2025-12-31,2026-02-28,2819.0,0.0,2819.0,2,opening | sales
010301,AZUL M,010301|AZUL M,"CUELLO S-M + PUNO | CUELLO S-M 40X8,5 + J PUNO 37,5X3,5",2025-12-31,2026-05-31,1177.0,280.0,897.0,2,opening | sales
010301,BLANCO,010301|BLANCO,"CUELLO S-M + PUNO | CUELLO S-M 40X8,5 + J PUNO 37,5X3,5",2025-12-31,2026-05-31,6675.0,740.0,5935.0,6,opening | sales
010301,CEMENTO,010301|CEMENTO,"CUELLO S-M + PUNO | CUELLO S-M 40X8,5 + J PUNO 37,5X3,5",2025-12-31,2026-05-31,1296.0,280.0,1016.0,3,opening | sales
010301,CIELO,010301|CIELO,"CUELLO S-M + PUNO | CUELLO S-M 40X8,5 + J PUNO 37,5X3,5",2025-12-31,2026-02-28,375.0,0.0,375.0,2,opening | sales
010301,IVORY,010301|IVORY,"CUELLO S-M + PUNO | CUELLO S-M 40X8,5 + J PUNO 37,5X3,5",2025-12-31,2026-05-31,1558.0,250.0,1308.0,4,opening | sales
010301,KAKY,010301|KAKY,"CUELLO S-M + PUNO | CUELLO S-M 40X8,5 + J PUNO 37,5X3,5",2025-12-31,2026-05-31,1501.0,280.0,1221.0,3,opening | sales
010301,LILA,010301|LILA,CUELLO S-M + PUNO,2025-12-31,2025-12-31,360.0,0.0,360.0,1,opening
010301,MENTA BEBE,010301|MENTA BEBE,"CUELLO S-M + PUNO | CUELLO S-M 40X8,5 + J PUNO 37,5X3,5",2025-12-31,2026-02-28,92.0,0.0,92.0,2,opening | sales
010301,NEGRO,010301|NEGRO,"CUELLO S-M + PUNO | CUELLO S-M 40X8,5 + J PUNO 37,5X3,5",2025-12-31,2026-05-31,7226.0,1296.0,5930.0,6,opening | sales
010301,PAPRIKA,010301|PAPRIKA,"CUELLO S-M + PUNO | CUELLO S-M 40X8,5 + J PUNO 37,5X3,5",2025-12-31,2026-02-28,275.0,0.0,275.0,2,opening | sales
010301,PISTACHO,010301|PISTACHO,CUELLO S-M + PUNO,2025-12-31,2025-12-31,154.0,0.0,154.0,1,opening
010301,RATA,010301|RATA,"CUELLO S-M + PUNO | CUELLO S-M 40X8,5 + J PUNO 37,5X3,5",2025-12-31,2026-05-31,359.0,280.0,79.0,2,opening | sales
010301,ROJO,010301|ROJO,"CUELLO S-M + PUNO | CUELLO S-M 40X8,5 + J PUNO 37,5X3,5",2025-12-31,2026-05-31,789.0,216.0,573.0,3,opening | sales
010301,ROSADO,010301|ROSADO,CUELLO S-M + PUNO,2025-12-31,2025-12-31,354.0,0.0,354.0,1,opening
010301,TURQUI,010301|TURQUI,"CUELLO S-M + PUNO | CUELLO S-M 40X8,5 + J PUNO 37,5X3,5",2025-12-31,2026-06-30,1634.0,314.0,1320.0,5,opening | receipts | sales
010301,VERDE BOTELLA,010301|VERDE BOTELLA,"CUELLO S-M + PUNO | CUELLO S-M 40X8,5 + J PUNO 37,5X3,5",2025-12-31,2026-02-28,1220.0,0.0,1220.0,2,opening | sales
010301,VERDE MILITAR,010301|VERDE MILITAR,CUELLO S-M + PUNO,2025-12-31,2025-12-31,181.0,0.0,181.0,1,opening
010302,AMARILLO MEDIO,010302|AMARILLO MEDIO,"CUELLO L-XL + PUNO | CUELLO L-XL 42X8,5 + PUNO 37,5X3,5 +",2025-12-31,2026-05-31,256.0,256.0,0.0,2,opening | sales
010302,ARENA,010302|ARENA,CUELLO L-XL + PUNO,2025-12-31,2025-12-31,2181.0,0.0,2181.0,1,opening
010302,AZUL M,010302|AZUL M,"CUELLO L-XL + PUNO | CUELLO L-XL 42X8,5 + PUNO 37,5X3,5 +",2025-12-31,2026-05-31,1028.0,280.0,748.0,2,opening | sales
010302,BLANCO,010302|BLANCO,"CUELLO L-XL + PUNO | CUELLO L-XL 42X8,5 + PUNO 37,5X3,5 +",2025-12-31,2026-05-31,7138.0,1272.0,5866.0,6,opening | sales
010302,CEMENTO,010302|CEMENTO,"CUELLO L-XL + PUNO | CUELLO L-XL 42X8,5 + PUNO 37,5X3,5 +",2025-12-31,2026-05-31,1091.0,280.0,811.0,2,opening | sales
010302,CIELO,010302|CIELO,CUELLO L-XL + PUNO,2025-12-31,2025-12-31,278.0,0.0,278.0,1,opening
010302,IVORY,010302|IVORY,"CUELLO L-XL + PUNO | CUELLO L-XL 42X8,5 + PUNO 37,5X3,5 +",2025-12-31,2026-05-31,1374.0,270.0,1104.0,4,opening | sales
010302,KAKY,010302|KAKY,"CUELLO L-XL + PUNO | CUELLO L-XL 42X8,5 + PUNO 37,5X3,5 +",2025-12-31,2026-05-31,1181.0,280.0,901.0,2,opening | sales
010302,LILA,010302|LILA,CUELLO L-XL + PUNO,2025-12-31,2025-12-31,376.0,0.0,376.0,1,opening
010302,MENTA BEBE,010302|MENTA BEBE,CUELLO L-XL + PUNO,2025-12-31,2025-12-31,225.0,0.0,225.0,1,opening
010302,NEGRO,010302|NEGRO,"CUELLO L-XL + PUNO | CUELLO L-XL 42X8,5 + PUNO 37,5X3,5 +",2025-12-31,2026-05-31,6966.0,1311.0,5655.0,6,opening | sales
010302,PAPRIKA,010302|PAPRIKA,CUELLO L-XL + PUNO,2025-12-31,2025-12-31,248.0,0.0,248.0,1,opening
010302,PISTACHO,010302|PISTACHO,CUELLO L-XL + PUNO,2025-12-31,2025-12-31,192.0,0.0,192.0,1,opening
010302,RATA,010302|RATA,"CUELLO L-XL + PUNO | CUELLO L-XL 42X8,5 + PUNO 37,5X3,5 +",2025-12-31,2026-05-31,358.0,280.0,78.0,2,opening | sales
010302,ROJO,010302|ROJO,"CUELLO L-XL + PUNO | CUELLO L-XL 42X8,5 + PUNO 37,5X3,5 +",2025-12-31,2026-05-31,736.0,216.0,520.0,3,opening | sales
010302,ROSADO,010302|ROSADO,CUELLO L-XL + PUNO,2025-12-31,2025-12-31,160.0,0.0,160.0,1,opening
010302,TURQUI,010302|TURQUI,"CUELLO L-XL + PUNO | CUELLO L-XL 42X8,5 + PUNO 37,5X3,5 +",2025-12-31,2026-06-30,1580.0,238.0,1342.0,5,opening | receipts | sales
010302,VERDE BOTELLA,010302|VERDE BOTELLA,"CUELLO L-XL + PUNO | CUELLO L-XL 42X8,5 + PUNO 37,5X3,5 +",2025-12-31,2026-02-28,1127.0,6.0,1121.0,2,opening | sales
010302,VERDE MILITAR,010302|VERDE MILITAR,CUELLO L-XL + PUNO,2025-12-31,2025-12-31,168.0,0.0,168.0,1,opening
020101,ARENA,020101|ARENA,LICRA FRIA 200 GR,2025-12-31,2026-06-30,3026.5,1300.3,1726.1999999999998,147,opening | receipts | sales
020101,AZUL M,020101|AZUL M,LICRA FRIA 200 GR,2025-12-31,2026-05-31,478.7,456.2,22.5,26,opening | sales
020101,BLANCO,020101|BLANCO,LICRA FRIA 200 GR,2025-12-31,2026-06-30,5971.2,2569.4,3401.7999999999997,279,opening | receipts | sales
020101,CEMENTO,020101|CEMENTO,LICRA FRIA 200 GR,2025-12-31,2026-05-31,2534.5,836.6,1697.9,124,opening | receipts | sales
020101,CHOCOLATE,020101|CHOCOLATE,LICRA FRIA 200 GR,2026-03-26,2026-05-31,1403.5,386.8,1016.7,69,receipts | sales
020101,CRUDO,020101|CRUDO,LICRA FRIA 200 GR,2025-12-31,2026-02-28,90.8,0.0,90.8,5,opening | sales
020101,INDIGO,020101|INDIGO,LICRA FRIA 200 GR,2025-12-31,2026-05-31,953.9,448.0,505.9,47,opening | receipts | sales
020101,IVORY,020101|IVORY,LICRA FRIA 200 GR,2026-03-26,2026-06-30,2783.8,2522.2,261.5999999999999,139,receipts | sales
020101,JASPE MEDIO,020101|JASPE MEDIO,LICRA FRIA 200 GR,2025-12-31,2026-05-31,229.1,94.19999999999999,134.9,12,opening | sales
020101,KAKY,020101|KAKY,LICRA FRIA 200 GR,2025-12-31,2026-06-30,2207.9,1112.3999999999999,1095.5,104,opening | receipts | sales
020101,LILA,020101|LILA,LICRA FRIA 200 GR,2025-12-31,2026-03-31,179.3,179.29999999999998,7.105427357601002e-15,11,opening | sales
020101,MENTA BEBE,020101|MENTA BEBE,LICRA FRIA 200 GR,2025-12-31,2026-02-28,65.2,65.2,0.0,5,opening | sales
020101,NEGRO,020101|NEGRO,LICRA FRIA 200 GR,2025-12-31,2026-06-30,11623.1,4839.6,6783.5,519,opening | receipts | sales
020101,PALO DE ROSA,020101|PALO DE ROSA,LICRA FRIA 200 GR,2025-12-31,2026-05-31,941.5,657.6,283.9,49,opening | receipts | sales
020101,RATA,020101|RATA,LICRA FRIA 200 GR,2025-12-31,2026-06-30,971.0,700.8,270.20000000000005,50,opening | receipts | sales
020101,ROJO,020101|ROJO,LICRA FRIA 200 GR,2025-12-31,2026-06-30,1514.6,1493.6,21.0,75,opening | receipts | sales
020101,TURQUI,020101|TURQUI,LICRA FRIA 200 GR,2025-12-31,2026-06-30,1063.7,463.7,600.0,53,opening | receipts | sales
020101,VERDE BOTELLA,020101|VERDE BOTELLA,LICRA FRIA 200 GR,2025-12-31,2026-06-30,778.1,697.2,80.9,42,opening | receipts | sales
020102,ARENA,020102|ARENA,LICRA FRIA 240 GR,2026-02-20,2026-06-30,2840.2,2167.6,672.5999999999999,129,receipts | sales
020102,AZUL M,020102|AZUL M,LICRA FRIA 240 GR,2025-12-31,2026-06-30,1970.2,1944.0,26.199999999999932,93,opening | receipts | sales
020102,BLANCO,020102|BLANCO,LICRA FRIA 240 GR,2025-12-31,2026-06-30,6755.1,5873.7,881.3999999999999,296,opening | receipts | sales
020102,CEMENTO,020102|CEMENTO,LICRA FRIA 240 GR,2025-12-31,2026-06-30,2909.7,2171.4,738.3,133,opening | receipts | sales
020102,CHOCOLATE,020102|CHOCOLATE,LICRA FRIA 240 GR,2025-12-31,2026-06-30,2486.0,1391.4,1094.6000000000001,112,opening | receipts | sales
020102,CRUDO,020102|CRUDO,LICRA FRIA 240 GR,2025-12-31,2026-03-31,1161.3,1127.3,33.99999999999991,53,opening | sales
020102,INDIGO,020102|INDIGO,LICRA FRIA 240 GR,2025-12-31,2026-04-30,709.8,709.8000000000001,-2.842170943040401e-14,35,opening | receipts | sales
020102,IVORY,020102|IVORY,LICRA FRIA 240 GR,2026-02-20,2026-06-30,6717.1,4600.6,2116.5,297,receipts | sales
020102,KAKY,020102|KAKY,LICRA FRIA 240 GR,2026-02-20,2026-06-30,4390.5,3022.7000000000003,1367.7999999999997,195,receipts | sales
020102,LILA,020102|LILA,LICRA FRIA 240 GR,2025-12-31,2026-05-31,305.3,171.1,134.2,18,opening | sales
020102,MENTA BEBE,020102|MENTA BEBE,LICRA FRIA 240 GR,2025-12-31,2026-03-31,21.5,21.5,0.0,2,opening | sales
020102,NAVY,020102|NAVY,LICRA FRIA 240 GR,2025-12-31,2025-12-31,14.3,0.0,14.3,1,opening
020102,NEGRO,020102|NEGRO,LICRA FRIA 240 GR,2025-12-31,2026-06-30,20146.3,17207.7,2938.6000000000004,865,opening | receipts | sales
020102,PALO DE ROSA,020102|PALO DE ROSA,LICRA FRIA 240 GR,2026-02-20,2026-05-31,477.9,477.9,1.4210854715202004e-14,25,receipts | sales
020102,RATA,020102|RATA,LICRA FRIA 240 GR,2026-02-20,2026-05-31,1474.8,1474.8,0.0,68,receipts | sales
020102,ROJO,020102|ROJO,LICRA FRIA 240 GR,2025-12-31,2026-06-30,2694.3,2694.3,0.0,121,opening | receipts | sales
020102,TURQUI,020102|TURQUI,LICRA FRIA 240 GR,2025-12-31,2026-05-31,1926.3,1926.3,0.0,90,opening | sales
020102,VERDE BOTELLA,020102|VERDE BOTELLA,LICRA FRIA 240 GR,2025-12-31,2026-06-30,1629.4,1519.8,109.6,77,opening | sales
020104,NARANJA,020104|NARANJA,TELA FRIA 170 GR,2025-12-31,2025-12-31,113.9,0.0,113.9,5,opening
020201,ARENA,020201|ARENA,REEB LICRA FRIA 200 GR | RIB F200,2025-12-31,2026-06-30,205.1,126.6,78.5,8,opening | receipts | sales
020201,AZUL M,020201|AZUL M,REEB LICRA FRIA 200 GR | RIB F200,2025-12-31,2026-05-31,38.5,16.5,22.0,6,opening | sales
020201,BLANCO,020201|BLANCO,REEB LICRA FRIA 200 GR | RIB F200,2025-12-31,2026-06-30,591.8000000000001,183.1,408.70000000000005,8,opening | receipts | sales
020201,CEMENTO,020201|CEMENTO,REEB LICRA FRIA 200 GR | RIB F200,2025-12-31,2026-05-31,195.2,57.5,137.7,7,opening | receipts | sales
020201,CHOCOLATE,020201|CHOCOLATE,REEB LICRA FRIA 200 GR | RIB F200,2025-12-31,2026-05-31,102.6,16.599999999999998,86.0,5,opening | receipts | sales
020201,INDIGO,020201|INDIGO,REEB LICRA FRIA 200 GR | RIB F200,2025-12-31,2026-05-31,92.79999999999998,45.9,46.89999999999999,5,opening | receipts | sales
020201,IVORY,020201|IVORY,REEB LICRA FRIA 200 GR | RIB F200,2025-12-31,2026-06-30,260.5,116.5,144.0,6,opening | receipts | sales
020201,JASPE MEDIO,020201|JASPE MEDIO,REEB LICRA FRIA 200 GR | RIB F200,2025-12-31,2026-05-31,28.0,4.1,23.9,3,opening | sales
020201,KAKY,020201|KAKY,REEB LICRA FRIA 200 GR | RIB F200,2025-12-31,2026-06-30,320.1,69.9,250.2,7,opening | receipts | sales
020201,LILA,020201|LILA,REEB LICRA FRIA 200 GR | RIB F200,2025-12-31,2026-05-31,42.0,37.2,4.800000000000001,6,opening | sales
020201,MENTA BEBE,020201|MENTA BEBE,RIB F200,2025-12-31,2025-12-31,5.8,0.0,5.8,1,opening
020201,NEGRO,020201|NEGRO,REEB LICRA FRIA 200 GR | RIB F200,2025-12-31,2026-06-30,1657.6,346.9,1310.6999999999998,8,opening | receipts | sales
020201,PALO DE ROSA,020201|PALO DE ROSA,REEB LICRA FRIA 200 GR | RIB F200,2025-12-31,2026-05-31,56.10000000000001,54.3,1.8000000000000043,7,opening | receipts | sales
020201,PAPRIKA,020201|PAPRIKA,RIB F200,2025-12-31,2025-12-31,14.3,0.0,14.3,1,opening
020201,RATA,020201|RATA,REEB LICRA FRIA 200 GR,2026-03-26,2026-06-30,52.8,29.8,23.0,4,receipts | sales
020201,ROJO,020201|ROJO,REEB LICRA FRIA 200 GR | RIB F200,2025-12-31,2026-05-31,244.4,89.3,155.10000000000002,7,opening | receipts | sales
020201,TOFFE,020201|TOFFE,REEB LICRA FRIA 200 GR | RIB F200,2025-12-31,2026-05-31,36.9,15.0,21.9,2,opening | sales
020201,TURQUI,020201|TURQUI,REEB LICRA FRIA 200 GR | RIB F200,2025-12-31,2026-05-31,76.2,14.7,61.5,5,opening | receipts | sales
020201,VERDE BOTELLA,020201|VERDE BOTELLA,REEB LICRA FRIA 200 GR | RIB F200,2025-12-31,2026-06-30,120.89999999999999,54.400000000000006,66.5,8,opening | receipts | sales
020201,VERDE MILITAR,020201|VERDE MILITAR,RIB F200,2025-12-31,2025-12-31,10.6,0.0,10.6,1,opening
020202,ARENA,020202|ARENA,REEB LICRA FRIA 240 GR | RIB F240,2025-12-31,2026-06-30,260.3,113.4,146.9,8,opening | receipts | sales
020202,AZUL M,020202|AZUL M,REEB LICRA FRIA 240 GR | RIB F240,2025-12-31,2026-06-30,107.20000000000002,87.19999999999999,20.000000000000014,8,opening | receipts | sales
020202,BLANCO,020202|BLANCO,REEB LICRA FRIA 240 GR | RIB F240,2025-12-31,2026-06-30,450.7,289.5,161.2,8,opening | receipts | sales
020202,CEMENTO,020202|CEMENTO,REEB LICRA FRIA 240 GR | RIB F240,2025-12-31,2026-06-30,161.4,87.9,73.5,9,opening | receipts | sales
020202,CHOCOLATE,020202|CHOCOLATE,REEB LICRA FRIA 240 GR | RIB F240,2025-12-31,2026-06-30,135.5,59.0,76.5,9,opening | receipts | sales
020202,INDIGO,020202|INDIGO,REEB LICRA FRIA 240 GR | RIB F240,2025-12-31,2026-05-31,111.1,40.8,70.3,7,opening | receipts | sales
020202,IVORY,020202|IVORY,REEB LICRA FRIA 240 GR | RIB F240,2025-12-31,2026-06-30,585.1,321.78,263.32000000000005,9,opening | receipts | sales
020202,KAKY,020202|KAKY,REEB LICRA FRIA 240 GR | RIB F240,2025-12-31,2026-06-30,320.3,150.0,170.3,9,opening | receipts | sales
020202,LILA,020202|LILA,REEB LICRA FRIA 240 GR | RIB F240,2025-12-31,2026-03-31,2.6,2.0,0.6000000000000001,3,opening | sales
020202,MENTA BEBE,020202|MENTA BEBE,REEB LICRA FRIA 240 GR | RIB F240,2025-12-31,2026-03-31,2.9,1.2,1.7,2,opening | sales
020202,NEGRO,020202|NEGRO,REEB LICRA FRIA 240 GR | RIB F240,2025-12-31,2026-06-30,1274.1,885.5,388.6,9,opening | receipts | sales
020202,PALO DE ROSA,020202|PALO DE ROSA,REEB LICRA FRIA 240 GR,2026-02-20,2026-05-31,24.7,23.8,0.8999999999999997,5,receipts | sales
020202,PAPRIKA,020202|PAPRIKA,RIB F240,2025-12-31,2025-12-31,6.4,0.0,6.4,1,opening
020202,RATA,020202|RATA,REEB LICRA FRIA 240 GR | RIB F240,2025-12-31,2026-05-31,96.10000000000001,55.2,40.900000000000006,8,opening | receipts | sales
020202,ROJO,020202|ROJO,REEB LICRA FRIA 240 GR | RIB F240,2025-12-31,2026-06-30,184.6,115.5,69.1,9,opening | receipts | sales
020202,ROSADO VIVO,020202|ROSADO VIVO,RIB F240,2025-12-31,2025-12-31,6.1,0.0,6.1,1,opening
020202,TOFFE,020202|TOFFE,RIB F240,2025-12-31,2025-12-31,40.2,0.0,40.2,1,opening
020202,TURQUI,020202|TURQUI,REEB LICRA FRIA 240 GR | RIB F240,2025-12-31,2026-05-31,81.8,71.3,10.499999999999996,6,opening | sales
020202,VERDE BOTELLA,020202|VERDE BOTELLA,REEB LICRA FRIA 240 GR | RIB F240,2025-12-31,2026-06-30,68.4,66.2,2.2000000000000046,7,opening | sales
020202,VERDE MILITAR,020202|VERDE MILITAR,RIB F240,2025-12-31,2025-12-31,7.0,0.0,7.0,1,opening
030101,CRUDO,030101|CRUDO,PIEL DE DURAZNO COLOR,2025-12-31,2025-12-31,18.4,0.0,18.4,1,opening
040101,AMARILLO PASTEL,040101|AMARILLO PASTEL,PIMA PLUS,2025-12-31,2026-06-30,516.2,208.5,307.7,22,opening | sales
040101,AZUL TURQUEZA,040101|AZUL TURQUEZA,PIMA PLUS,2025-12-31,2026-05-31,182.5,22.0,160.5,9,opening | sales
040101,CURUBA,040101|CURUBA,PIMA PLUS,2025-12-31,2026-05-31,191.8,46.9,144.9,9,opening | sales
040101,LILA,040101|LILA,PIMA PLUS,2025-12-31,2026-05-31,545.3,78.3,467.0,22,opening | sales
040101,MOSTAZA,040101|MOSTAZA,PIMA PLUS,2025-12-31,2026-05-31,448.2,79.8,368.4,19,opening | sales
040101,NEGRO,040101|NEGRO,PIMA PLUS,2025-12-31,2025-12-31,5.3,0.0,5.3,1,opening
040101,RATA,040101|RATA,PIMA PLUS,2025-12-31,2025-12-31,24.799999999999997,0.0,24.799999999999997,2,opening
040101,VERDE LIMON,040101|VERDE LIMON,PIMA PLUS,2025-12-31,2026-05-31,302.1,54.7,247.39999999999998,13,opening | sales
050101,ARENA,050101|ARENA,BURDA HEAVY 405 GRMS,2025-12-31,2026-05-31,605.4,605.4,2.842170943040401e-14,38,opening | receipts | sales
050101,AZUL M,050101|AZUL M,BURDA HEAVY 405 GRMS,2025-12-31,2026-05-31,947.1999999999999,159.8,787.4,55,opening | sales
050101,BLANCO,050101|BLANCO,BURDA HEAVY 405 GRMS,2025-12-31,2026-05-31,633.4,218.0,415.4,38,opening | receipts | sales
050101,CAMEL,050101|CAMEL,BURDA HEAVY 405 GRMS,2025-12-31,2026-05-31,586.4,409.0,177.39999999999998,35,opening | sales
050101,CEMENTO,050101|CEMENTO,BURDA HEAVY 405 GRMS,2025-12-31,2026-05-31,479.8,379.79999999999995,100.0,29,opening | receipts | sales
050101,CHOCOLATE,050101|CHOCOLATE,BURDA HEAVY 405 GRMS,2025-12-31,2026-05-31,215.4,215.4,0.0,13,opening | sales
050101,IVORY,050101|IVORY,BURDA HEAVY 405 GRMS,2025-12-31,2026-06-30,1623.0,1480.6,142.39999999999986,89,opening | receipts | sales
050101,NEGRO,050101|NEGRO,BURDA HEAVY 405 GRMS,2025-12-31,2026-06-30,3522.7,3100.92,421.78,195,opening | receipts | sales
050101,RATA,050101|RATA,BURDA HEAVY 405 GRMS,2025-12-31,2026-06-30,611.6,397.6,214.0,37,opening | sales
050101,ROJO,050101|ROJO,BURDA HEAVY 405 GRMS,2025-12-31,2026-04-30,370.8,74.64,296.16,23,opening | sales
050201,ARENA,050201|ARENA,REEB BURDA HEAVY 406 GRMS | RIB BURDA,2025-12-31,2026-05-31,92.1,91.3,0.8000000000000043,7,opening | receipts | sales
050201,AZUL M,050201|AZUL M,REEB BURDA HEAVY 406 GRMS | RIB BURDA,2025-12-31,2026-05-31,125.0,20.3,104.7,3,opening | sales
050201,BLANCO,050201|BLANCO,REEB BURDA HEAVY 406 GRMS | RIB BURDA,2025-12-31,2026-05-31,99.5,27.0,72.5,4,opening | receipts | sales
050201,CAMEL,050201|CAMEL,REEB BURDA HEAVY 406 GRMS | RIB BURDA,2025-12-31,2026-01-31,43.4,43.4,0.0,2,opening | sales
050201,CEMENTO,050201|CEMENTO,REEB BURDA HEAVY 406 GRMS | RIB BURDA,2025-12-31,2026-05-31,81.5,62.400000000000006,19.100000000000005,4,opening | receipts | sales
050201,IVORY,050201|IVORY,REEB BURDA HEAVY 406 GRMS | RIB BURDA,2025-12-31,2026-06-30,248.6,227.8,20.799999999999997,8,opening | receipts | sales
050201,NEGRO,050201|NEGRO,REEB BURDA HEAVY 406 GRMS | RIB BURDA,2025-12-31,2026-06-30,462.87,395.7,67.17000000000002,8,opening | receipts | sales
050201,RATA,050201|RATA,REEB BURDA HEAVY 406 GRMS | RIB BURDA,2025-12-31,2026-05-31,51.60000000000001,29.0,22.60000000000001,3,opening | sales
050201,ROJO,050201|ROJO,REEB BURDA HEAVY 406 GRMS | RIB BURDA,2025-12-31,2026-02-28,44.96,4.6,40.36,2,opening | sales
060101,ARENA,060101|ARENA,REEB PESADO,2025-12-31,2026-06-30,442.2,442.2,0.0,21,opening | sales
060101,AZUL M,060101|AZUL M,REEB PESADO,2025-12-31,2026-06-30,446.2,446.2,2.842170943040401e-14,21,opening | sales
060101,BLANCO,060101|BLANCO,REEB PESADO,2025-12-31,2026-06-30,1599.4,690.1,909.3,70,opening | sales
060101,IVORY,060101|IVORY,REEB PESADO,2025-12-31,2026-06-30,2342.5,568.8,1773.7,99,opening | sales
060101,KAKY,060101|KAKY,REEB PESADO,2025-12-31,2026-06-30,1344.9,467.1,877.8,58,opening | sales
060101,NEGRO,060101|NEGRO,REEB PESADO,2025-12-31,2026-06-30,5478.0,870.9,4607.1,224,opening | sales
060101,PISTACHO,060101|PISTACHO,REEB PESADO,2025-12-31,2026-06-30,270.5,270.5,0.0,14,opening | sales
060101,ROJO,060101|ROJO,REEB PESADO,2025-12-31,2026-01-31,23.3,23.3,0.0,2,opening | sales
060101,ROSE,060101|ROSE,REEB PESADO,2025-12-31,2026-02-28,175.8,175.79999999999998,0.0,9,opening | sales
070101,ARENA,070101|ARENA,TELA QATAR PREMIUM,2026-01-27,2026-06-30,2103.1,1463.8,639.3,92,receipts | sales
070101,AZUL M,070101|AZUL M,TELA QATAR PREMIUM,2026-01-27,2026-06-30,1316.8,920.4,396.40000000000003,59,receipts | sales
070101,BLANCO,070101|BLANCO,TELA QATAR PREMIUM,2026-01-27,2026-06-30,6149.9,4231.5,1918.4,253,receipts | sales
070101,CAMEL,070101|CAMEL,TELA QATAR PREMIUM,2026-01-27,2026-06-30,2580.5,1555.6999999999998,1024.8,108,receipts | sales
070101,CEMENTO,070101|CEMENTO,TELA QATAR PREMIUM,2026-01-27,2026-06-30,1323.8,1064.9,258.9000000000001,61,receipts | sales
070101,CHOCOLATE,070101|CHOCOLATE,TELA QATAR PREMIUM,2026-01-27,2026-06-30,1325.0,1204.0,121.0,61,receipts | sales
070101,IVORY,070101|IVORY,TELA QATAR PREMIUM,2026-01-27,2026-06-30,6567.6,3749.4,2818.2,271,receipts | sales
070101,KAKY,070101|KAKY,TELA QATAR PREMIUM,2026-01-27,2026-06-30,2782.4,1551.0,1231.4,118,receipts | sales
070101,NEGRO,070101|NEGRO,TELA QATAR PREMIUM,2026-01-27,2026-06-30,12943.1,8658.1,4285.0,511,receipts | sales
070101,PALO DE ROSA,070101|PALO DE ROSA,TELA QATAR PREMIUM,2026-01-27,2026-06-30,831.3,167.5,663.8000000000001,37,receipts | sales
070101,RATA,070101|RATA,TELA QATAR PREMIUM,2026-01-27,2026-06-30,1578.1,923.9,654.2,74,receipts | sales
070101,ROJO,070101|ROJO,TELA QATAR PREMIUM,2026-01-27,2026-06-30,2048.0,1372.0,676.0,90,receipts | sales
070101,VERDE BOTELLA,070101|VERDE BOTELLA,TELA QATAR PREMIUM,2026-01-27,2026-06-30,1796.45,1075.85,720.6,80,receipts | sales
070101,VERDE SECO,070101|VERDE SECO,TELA QATAR PREMIUM,2026-01-27,2026-06-30,1301.8,1137.4,164.39999999999998,60,receipts | sales
070102,ARENA,070102|ARENA,RIB QATAR PREMIUM,2026-01-27,2026-06-30,130.10000000000002,69.9,60.2,5,receipts | sales
070102,AZUL M,070102|AZUL M,RIB QATAR PREMIUM,2026-01-27,2026-06-30,83.2,48.1,35.1,5,receipts | sales
070102,BLANCO,070102|BLANCO,RIB QATAR PREMIUM,2026-01-27,2026-06-30,336.20000000000005,209.9,126.30000000000003,7,receipts | sales
070102,CAMEL,070102|CAMEL,RIB QATAR PREMIUM,2026-01-27,2026-06-30,148.4,75.6,72.8,8,receipts | sales
070102,CEMENTO,070102|CEMENTO,RIB QATAR PREMIUM,2026-01-27,2026-06-30,93.19999999999999,51.8,41.39999999999999,7,receipts | sales
070102,CHOCOLATE,070102|CHOCOLATE,RIB QATAR PREMIUM,2026-01-27,2026-06-30,85.5,72.4,13.099999999999998,7,receipts | sales
070102,IVORY,070102|IVORY,RIB QATAR PREMIUM,2026-01-27,2026-06-30,378.1,154.0,224.1,7,receipts | sales
070102,KAKY,070102|KAKY,RIB QATAR PREMIUM,2026-01-27,2026-06-30,173.1,59.1,114.0,7,receipts | sales
070102,NEGRO,070102|NEGRO,RIB QATAR PREMIUM,2026-01-27,2026-06-30,702.6,367.72,334.88,8,receipts | sales
070102,PALO DE ROSA,070102|PALO DE ROSA,RIB QATAR PREMIUM,2026-01-27,2026-06-30,56.4,12.3,44.099999999999994,3,receipts | sales
070102,RATA,070102|RATA,RIB QATAR PREMIUM,2026-01-27,2026-06-30,109.5,51.5,58.0,8,receipts | sales
070102,ROJO,070102|ROJO,RIB QATAR PREMIUM,2026-01-27,2026-06-30,136.9,63.0,73.9,6,receipts | sales
070102,VERDE BOTELLA,070102|VERDE BOTELLA,RIB QATAR PREMIUM,2026-01-27,2026-06-30,102.19999999999999,37.0,65.19999999999999,7,receipts | sales
070102,VERDE SECO,070102|VERDE SECO,RIB QATAR PREMIUM,2026-01-27,2026-06-30,93.2,62.099999999999994,31.100000000000005,6,receipts | sales
070202,ARENA,070202|ARENA,TELA DUBAI SOFT,2026-03-26,2026-06-30,1822.3,739.5999999999999,1082.7,81,receipts | sales
070202,BLANCO,070202|BLANCO,TELA DUBAI SOFT,2026-03-26,2026-06-30,2875.4,1515.5,1359.9,127,receipts | sales
070202,CEMENTO,070202|CEMENTO,TELA DUBAI SOFT,2026-03-26,2026-05-31,501.4,345.6,155.8,25,receipts | sales
070202,CHOCOLATE,070202|CHOCOLATE,TELA DUBAI SOFT,2026-03-26,2026-06-30,1060.3,531.4,528.9,48,receipts | sales
070202,IVORY,070202|IVORY,TELA DUBAI SOFT,2026-03-26,2026-06-30,2846.1,2532.2,313.9000000000001,124,receipts | sales
070202,KAKY,070202|KAKY,TELA DUBAI SOFT,2026-03-26,2026-05-31,2823.4,511.8,2311.6,124,receipts | sales
070202,NEGRO,070202|NEGRO,TELA DUBAI SOFT,2026-03-26,2026-06-30,6488.1,3135.3999999999996,3352.7000000000003,270,receipts | sales
070202,PALO DE ROSA,070202|PALO DE ROSA,TELA DUBAI SOFT,2026-03-26,2026-05-31,514.9,164.3,350.6,24,receipts | sales
070202,RATA,070202|RATA,TELA DUBAI SOFT,2026-03-26,2026-06-30,526.4,305.1,221.29999999999998,24,receipts | sales
070202,ROJO,070202|ROJO,TELA DUBAI SOFT,2026-03-26,2026-06-30,1053.4,674.4,379.0,48,receipts | sales
070202,VERDE BOTELLA,070202|VERDE BOTELLA,TELA DUBAI SOFT,2026-03-26,2026-06-30,535.1,358.9,176.2,25,receipts | sales
070203,ARENA,070203|ARENA,RIB DUBAI SOFT,2026-03-26,2026-06-30,103.3,36.7,66.6,5,receipts | sales
070203,BLANCO,070203|BLANCO,RIB DUBAI SOFT,2026-03-26,2026-06-30,162.0,63.7,98.3,5,receipts | sales
070203,CEMENTO,070203|CEMENTO,RIB DUBAI SOFT,2026-03-26,2026-05-31,29.5,16.3,13.2,4,receipts | sales
070203,CHOCOLATE,070203|CHOCOLATE,RIB DUBAI SOFT,2026-03-26,2026-06-30,71.1,22.8,48.3,5,receipts | sales
070203,IVORY,070203|IVORY,RIB DUBAI SOFT,2026-03-26,2026-06-30,156.4,92.5,63.9,4,receipts | sales
070203,KAKY,070203|KAKY,RIB DUBAI SOFT,2026-03-26,2026-05-31,183.4,22.6,160.8,4,receipts | sales
070203,NEGRO,070203|NEGRO,RIB DUBAI SOFT,2026-03-26,2026-06-30,371.3,129.7,241.60000000000002,5,receipts | sales
070203,PALO DE ROSA,070203|PALO DE ROSA,RIB DUBAI SOFT,2026-03-26,2026-05-31,31.2,7.5,23.7,3,receipts | sales
070203,RATA,070203|RATA,RIB DUBAI SOFT,2026-03-26,2026-06-30,30.2,12.2,18.0,3,receipts | sales
070203,ROJO,070203|ROJO,RIB DUBAI SOFT,2026-03-26,2026-06-30,71.0,37.1,33.9,5,receipts | sales
070203,VERDE BOTELLA,070203|VERDE BOTELLA,RIB DUBAI SOFT,2026-03-26,2026-06-30,30.7,17.9,12.799999999999999,4,receipts | sales
070301,ARENA,070301|ARENA,RIB GOLDEN TOUCH,2026-03-27,2026-05-31,102.7,48.4,54.300000000000004,4,receipts | sales
070301,BLANCO,070301|BLANCO,RIB GOLDEN TOUCH,2026-03-27,2026-06-30,163.5,80.8,82.7,5,receipts | sales
070301,CEMENTO,070301|CEMENTO,RIB GOLDEN TOUCH,2026-03-27,2026-05-31,36.4,23.0,13.4,4,receipts | sales
070301,CHOCOLATE,070301|CHOCOLATE,RIB GOLDEN TOUCH,2026-03-27,2026-05-31,70.9,19.299999999999997,51.6,4,receipts | sales
070301,IVORY,070301|IVORY,RIB GOLDEN TOUCH,2026-03-27,2026-06-30,145.1,73.9,71.19999999999999,5,receipts | sales
070301,KAKY,070301|KAKY,RIB GOLDEN TOUCH,2026-03-27,2026-05-31,165.5,48.3,117.2,4,receipts | sales
070301,NEGRO,070301|NEGRO,RIB GOLDEN TOUCH,2026-03-27,2026-06-30,362.2,113.3,248.89999999999998,5,receipts | sales
070301,PALO DE ROSA,070301|PALO DE ROSA,RIB GOLDEN TOUCH,2026-03-27,2026-05-31,26.8,13.3,13.5,4,receipts | sales
070301,RATA,070301|RATA,RIB GOLDEN TOUCH,2026-03-27,2026-05-31,26.099999999999998,21.3,4.799999999999999,4,receipts | sales
070301,ROJO,070301|ROJO,RIB GOLDEN TOUCH,2026-03-27,2026-05-31,66.8,31.9,34.9,4,receipts | sales
070301,VERDE BOTELLA,070301|VERDE BOTELLA,RIB GOLDEN TOUCH,2026-03-27,2026-05-31,37.0,24.3,12.699999999999996,4,receipts | sales
070303,ARENA,070303|ARENA,TELA GOLDEN TOUCH,2026-03-27,2026-05-31,1795.4,1103.2,692.2,80,receipts | sales
070303,BLANCO,070303|BLANCO,TELA GOLDEN TOUCH,2026-03-27,2026-06-30,2763.8,1514.9,1248.8999999999999,127,receipts | sales
070303,CEMENTO,070303|CEMENTO,TELA GOLDEN TOUCH,2026-03-27,2026-05-31,533.6,478.5,55.09999999999999,25,receipts | sales
070303,CHOCOLATE,070303|CHOCOLATE,TELA GOLDEN TOUCH,2026-03-27,2026-05-31,1057.5,595.9,461.6,47,receipts | sales
070303,IVORY,070303|IVORY,TELA GOLDEN TOUCH,2026-03-27,2026-06-30,2710.8,1651.1000000000001,1059.6999999999998,125,receipts | sales
070303,KAKY,070303|KAKY,TELA GOLDEN TOUCH,2026-03-27,2026-05-31,2786.9,1201.2,1585.7,125,receipts | sales
070303,NEGRO,070303|NEGRO,TELA GOLDEN TOUCH,2026-03-27,2026-06-30,5631.3,2264.2000000000003,3367.1,244,receipts | sales
070303,PALO DE ROSA,070303|PALO DE ROSA,TELA GOLDEN TOUCH,2026-03-27,2026-05-31,545.6,279.6,266.0,25,receipts | sales
070303,RATA,070303|RATA,TELA GOLDEN TOUCH,2026-03-27,2026-05-31,517.1,391.70000000000005,125.39999999999998,25,receipts | sales
070303,ROJO,070303|ROJO,TELA GOLDEN TOUCH,2026-03-27,2026-05-31,988.3,585.1,403.2,47,receipts | sales
070303,VERDE BOTELLA,070303|VERDE BOTELLA,TELA GOLDEN TOUCH,2026-03-27,2026-05-31,513.9,494.8,19.1,25,receipts | sales
510101,BLANCO,510101|BLANCO,TIPO B PERUANA 200 GR,2025-12-31,2025-12-31,40.43,0.0,40.43,2,opening
510101,CEMENTO,510101|CEMENTO,TIPO B PERUANA 200 GR,2025-12-31,2025-12-31,97.7,0.0,97.7,5,opening
510101,ROJO,510101|ROJO,TIPO B PERUANA 200 GR,2025-12-31,2025-12-31,6.6,0.0,6.6,1,opening
510101,ROSADO VIVO,510101|ROSADO VIVO,TIPO B PERUANA 200 GR,2025-12-31,2025-12-31,37.8,0.0,37.8,2,opening
510101,STONE,510101|STONE,TIPO B PERUANA 200 GR,2025-12-31,2025-12-31,4.9,0.0,4.9,1,opening
510102,KAKY,510102|KAKY,TIPO B PERUANA 250 GR,2025-12-31,2025-12-31,16.8,0.0,16.8,1,opening
510102,STONE,510102|STONE,TIPO B PERUANA 250 GR,2025-12-31,2025-12-31,10.0,0.0,10.0,1,opening
520101,BLANCO,520101|BLANCO,TIPO B LICRA FRIA 200 GR,2025-12-31,2026-02-28,106.3,90.0,16.299999999999997,7,opening | sales
520101,KAKY,520101|KAKY,TIPO B LICRA FRIA 200 GR,2025-12-31,2026-02-28,23.3,23.3,0.0,2,opening | sales
520102,ARENA,520102|ARENA,TIPO B LICRA FRIA 240 GR,2025-12-31,2026-02-28,21.8,21.8,0.0,2,opening | sales
520102,AZUL CLARO,520102|AZUL CLARO,TIPO B LICRA FRIA 240 GR,2025-12-31,2026-02-28,10.2,10.2,0.0,2,opening | sales
520102,BLANCO,520102|BLANCO,TIPO B LICRA FRIA 240 GR,2025-12-31,2026-02-28,79.6,17.5,62.099999999999994,5,opening | sales
520102,KAKY,520102|KAKY,TIPO B LICRA FRIA 240 GR,2025-12-31,2026-02-28,23.9,23.9,0.0,2,opening | sales
520102,LILA,520102|LILA,TIPO B LICRA FRIA 240 GR,2025-12-31,2026-02-28,22.4,22.4,0.0,2,opening | sales
520104,ROSADO,520104|ROSADO,TIPO B LICRA FRIA 170 GR,2025-12-31,2026-02-28,28.3,28.3,0.0,2,opening | sales
540101,BLANCO,540101|BLANCO,TIPO B PIMA PLUS,2025-12-31,2025-12-31,20.0,0.0,20.0,1,opening
540101,CIELO,540101|CIELO,TIPO B PIMA PLUS,2025-12-31,2025-12-31,25.5,0.0,25.5,1,opening
