reference,description,color_original,color_normalized,lotrol,location,physical_qty,system_qty,physical_minus_system,source_row,issue_type,exception_source_file,issue_detail,period_start,period_end,product_key,roll_count,kilos,subtotal,source_file,source_sheet,movement_date,movement_month,color_code,lot,roll,weight,entrada,salida,asignacion,saldo,qty_in,duplicate_occurrence_number,should_count_in_inventory,duplicate_qty_excluded,excluded_duplicate_qty,opening_balance,opening_stock_qty,imports_qty,sales_qty,returns_adjustments_qty,other_qty_in,other_qty_out,net_change,closing_balance,calculated_closing_balance,has_negative_closing_balance,has_month_movement,movement_rows,first_movement_month,last_movement_month
020101,LICRA FRIA 200 GR,ROJO,ROJO,772006950007,036,22.0,21.9,0.10000000000000142,2936,OPENING_PHYSICAL_DIFFERS_FROM_SYSTEM,opening_stock_quality_checks.csv,,,,,,,,,,,,,,,,,,,,,,,,,,,,,,,,,,,,,,,
020102,LICRA FRIA 240 GR,BLANCO,BLANCO,772005230105,047,23.6,24.1,-0.5,3916,OPENING_PHYSICAL_DIFFERS_FROM_SYSTEM,opening_stock_quality_checks.csv,,,,,,,,,,,,,,,,,,,,,,,,,,,,,,,,,,,,,,,
010105,PERUANA PIQUE LICRADO,VERDE BOTELLA,VERDE BOTELLA,772004490018,061,17.55,15.55,2.0,4813,OPENING_PHYSICAL_DIFFERS_FROM_SYSTEM,opening_stock_quality_checks.csv,,,,,,,,,,,,,,,,,,,,,,,,,,,,,,,,,,,,,,,
010101,PERUANA 200 GR,GRIS CEMENTO,CEMENTO,772006730029,062,17.64,17.48,0.16000000000000014,4857,OPENING_PHYSICAL_DIFFERS_FROM_SYSTEM,opening_stock_quality_checks.csv,,,,,,,,,,,,,,,,,,,,,,,,,,,,,,,,,,,,,,,
010102,PERUANA 250 GR,GRIS CEMENTO,CEMENTO,772007670020,080,18.0,17.0,1.0,6410,OPENING_PHYSICAL_DIFFERS_FROM_SYSTEM,opening_stock_quality_checks.csv,,,,,,,,,,,,,,,,,,,,,,,,,,,,,,,,,,,,,,,
010102,PERUANA 250 GR,GRIS CEMENTO,CEMENTO,772007670028,090,17.8,14.5,3.3000000000000007,7187,OPENING_PHYSICAL_DIFFERS_FROM_SYSTEM,opening_stock_quality_checks.csv,,,,,,,,,,,,,,,,,,,,,,,,,,,,,,,,,,,,,,,
010102,PERUANA 250 GR,NEGRO,NEGRO,772008490053,094,19.99,17.0,2.9899999999999984,7564,OPENING_PHYSICAL_DIFFERS_FROM_SYSTEM,opening_stock_quality_checks.csv,,,,,,,,,,,,,,,,,,,,,,,,,,,,,,,,,,,,,,,
020101,LICRA FRIA 200 GR,CRUDO,CRUDO,772006990081,113,15.6,8.5,7.1,9190,OPENING_PHYSICAL_DIFFERS_FROM_SYSTEM,opening_stock_quality_checks.csv,,,,,,,,,,,,,,,,,,,,,,,,,,,,,,,,,,,,,,,
010101,PERUANA 200 GR,INDIGO,INDIGO,772003980020,113,19.99,19.64,0.34999999999999787,9228,OPENING_PHYSICAL_DIFFERS_FROM_SYSTEM,opening_stock_quality_checks.csv,,,,,,,,,,,,,,,,,,,,,,,,,,,,,,,,,,,,,,,
010101,PERUANA 200 GR,INDIGO,INDIGO,772003980029,113,19.74,19.24,0.5,9230,OPENING_PHYSICAL_DIFFERS_FROM_SYSTEM,opening_stock_quality_checks.csv,,,,,,,,,,,,,,,,,,,,,,,,,,,,,,,,,,,,,,,
020101,LICRA FRIA 200 GR,CRUDO,CRUDO,772004190001,113,16.9,11.4,5.499999999999998,9234,OPENING_PHYSICAL_DIFFERS_FROM_SYSTEM,opening_stock_quality_checks.csv,,,,,,,,,,,,,,,,,,,,,,,,,,,,,,,,,,,,,,,
010105,PERUANA PIQUE LICRADO,ROJO,ROJO,772004330014,113,17.15,14.1,3.049999999999999,9235,OPENING_PHYSICAL_DIFFERS_FROM_SYSTEM,opening_stock_quality_checks.csv,,,,,,,,,,,,,,,,,,,,,,,,,,,,,,,,,,,,,,,
010105,PERUANA PIQUE LICRADO,AZUL MEDIO,AZUL M,772004430005,113,16.95,12.95,4.0,9236,OPENING_PHYSICAL_DIFFERS_FROM_SYSTEM,opening_stock_quality_checks.csv,,,,,,,,,,,,,,,,,,,,,,,,,,,,,,,,,,,,,,,
010106,PERUANA 310 GR,BLANCO,BLANCO,772005080002,113,19.79,14.79,5.0,9240,OPENING_PHYSICAL_DIFFERS_FROM_SYSTEM,opening_stock_quality_checks.csv,,,,,,,,,,,,,,,,,,,,,,,,,,,,,,,,,,,,,,,
020101,LICRA FRIA 200 GR,CRUDO,CRUDO,772005420058,113,22.2,10.6,11.6,9244,OPENING_PHYSICAL_DIFFERS_FROM_SYSTEM,opening_stock_quality_checks.csv,,,,,,,,,,,,,,,,,,,,,,,,,,,,,,,,,,,,,,,
010102,PERUANA 250 GR,IVORY,IVORY,772005720104,113,11.0,9.0,2.0,9246,OPENING_PHYSICAL_DIFFERS_FROM_SYSTEM,opening_stock_quality_checks.csv,,,,,,,,,,,,,,,,,,,,,,,,,,,,,,,,,,,,,,,
050101,BURDA HEAVY 405 GRMS,CAMEL,CAMEL,772005740014,113,14.2,10.2,4.0,9248,OPENING_PHYSICAL_DIFFERS_FROM_SYSTEM,opening_stock_quality_checks.csv,,,,,,,,,,,,,,,,,,,,,,,,,,,,,,,,,,,,,,,
050101,BURDA HEAVY 405 GRMS,NEGRO,NEGRO,772007080023,113,18.8,13.8,5.0,9251,OPENING_PHYSICAL_DIFFERS_FROM_SYSTEM,opening_stock_quality_checks.csv,,,,,,,,,,,,,,,,,,,,,,,,,,,,,,,,,,,,,,,
010101,PERUANA 200 GR,IVORY,IVORY,772008770061,113,19.6,17.6,2.0,9255,OPENING_PHYSICAL_DIFFERS_FROM_SYSTEM,opening_stock_quality_checks.csv,,,,,,,,,,,,,,,,,,,,,,,,,,,,,,,,,,,,,,,
020101,LICRA FRIA 200 GR,BLANCO,BLANCO,,,,,,119,NEGATIVE_SALES_QUANTITY_TREATED_AS_RETURN_OR_ADJUSTMENT,sales_quality_checks.csv,"KILOS is negative. Counted as inventory increase, but should be reviewed.",2026-06-01,2026-06-30,020101|BLANCO,1.0,-101.1,10068224.0,REP  VENTAS COL 1 20 JUNIO.XLSX,Hoja1,,,,,,,,,,,,,,,,,,,,,,,,,,,,,,
020101,LICRA FRIA 200 GR,ROJO,ROJO,,,,,,124,NEGATIVE_SALES_QUANTITY_TREATED_AS_RETURN_OR_ADJUSTMENT,sales_quality_checks.csv,"KILOS is negative. Counted as inventory increase, but should be reviewed.",2026-06-01,2026-06-30,020101|ROJO,1.0,-21.0,964705.0,REP  VENTAS COL 1 20 JUNIO.XLSX,Hoja1,,,,,,,,,,,,,,,,,,,,,,,,,,,,,,
020101,LICRA FRIA 200 GR,TURQUI,TURQUI,,,,,,125,NEGATIVE_SALES_QUANTITY_TREATED_AS_RETURN_OR_ADJUSTMENT,sales_quality_checks.csv,"KILOS is negative. Counted as inventory increase, but should be reviewed.",2026-06-01,2026-06-30,020101|TURQUI,1.0,-21.4,864405.0,REP  VENTAS COL 1 20 JUNIO.XLSX,Hoja1,,,,,,,,,,,,,,,,,,,,,,,,,,,,,,
020201,REEB LICRA FRIA 200 GR,BLANCO,BLANCO,,,,,,147,NEGATIVE_SALES_QUANTITY_TREATED_AS_RETURN_OR_ADJUSTMENT,sales_quality_checks.csv,"KILOS is negative. Counted as inventory increase, but should be reviewed.",2026-06-01,2026-06-30,020201|BLANCO,1.0,-7.0,336000.0,REP  VENTAS COL 1 20 JUNIO.XLSX,Hoja1,,,,,,,,,,,,,,,,,,,,,,,,,,,,,,
020201,REEB LICRA FRIA 200 GR,NEGRO,NEGRO,,,,,,151,NEGATIVE_SALES_QUANTITY_TREATED_AS_RETURN_OR_ADJUSTMENT,sales_quality_checks.csv,"KILOS is negative. Counted as inventory increase, but should be reviewed.",2026-06-01,2026-06-30,020201|NEGRO,1.0,-23.0,928000.0,REP  VENTAS COL 1 20 JUNIO.XLSX,Hoja1,,,,,,,,,,,,,,,,,,,,,,,,,,,,,,
070203,RIB DUBAI SOFT,NEGRO,NEGRO,,,,,,240,NEGATIVE_SALES_QUANTITY_TREATED_AS_RETURN_OR_ADJUSTMENT,sales_quality_checks.csv,"KILOS is negative. Counted as inventory increase, but should be reviewed.",2026-06-01,2026-06-30,070203|NEGRO,1.0,-5.0,907887.0,REP  VENTAS COL 1 20 JUNIO.XLSX,Hoja1,,,,,,,,,,,,,,,,,,,,,,,,,,,,,,
010101,PERUANA 200 GR,CHOCOLATE,CHOCOLATE,,,,,,20,ZERO_SALES_QUANTITY,sales_quality_checks.csv,KILOS is zero. Not counted as stock movement.,2026-06-01,2026-06-30,010101|CHOCOLATE,1.0,0.0,63731.0,REP  VENTAS COL 1 20 JUNIO.XLSX,Hoja1,,,,,,,,,,,,,,,,,,,,,,,,,,,,,,
010108,PERUANA INTERLOCK 243 GR,NEGRO,NEGRO,,,,,,64,ZERO_SALES_QUANTITY,sales_quality_checks.csv,KILOS is zero. Not counted as stock movement.,2026-06-01,2026-06-30,010108|NEGRO,1.0,0.0,65882.0,REP  VENTAS COL 1 20 JUNIO.XLSX,Hoja1,,,,,,,,,,,,,,,,,,,,,,,,,,,,,,
010201,REEB PERUANA 200 GR,CHOCOLATE,CHOCOLATE,,,,,,75,ZERO_SALES_QUANTITY,sales_quality_checks.csv,KILOS is zero. Not counted as stock movement.,2026-06-01,2026-06-30,010201|CHOCOLATE,1.0,0.0,4034.0,REP  VENTAS COL 1 20 JUNIO.XLSX,Hoja1,,,,,,,,,,,,,,,,,,,,,,,,,,,,,,
010301,"CUELLO S-M 40X8,5 + J PUNO 37,5X3,5",NEGRO,NEGRO,,,,,,109,ZERO_SALES_QUANTITY,sales_quality_checks.csv,KILOS is zero. Not counted as stock movement.,2026-06-01,2026-06-30,010301|NEGRO,1.0,0.0,30240.0,REP  VENTAS COL 1 20 JUNIO.XLSX,Hoja1,,,,,,,,,,,,,,,,,,,,,,,,,,,,,,
010302,"CUELLO L-XL 42X8,5 + PUNO 37,5X3,5 +",NEGRO,NEGRO,,,,,,113,ZERO_SALES_QUANTITY,sales_quality_checks.csv,KILOS is zero. Not counted as stock movement.,2026-06-01,2026-06-30,010302|NEGRO,1.0,0.0,30240.0,REP  VENTAS COL 1 20 JUNIO.XLSX,Hoja1,,,,,,,,,,,,,,,,,,,,,,,,,,,,,,
020101,LICRA FRIA 200 GR,AZUL MEDIO,AZUL M,,,,,,118,ZERO_SALES_QUANTITY,sales_quality_checks.csv,KILOS is zero. Not counted as stock movement.,2026-06-01,2026-06-30,020101|AZUL M,1.0,0.0,79664.0,REP  VENTAS COL 1 20 JUNIO.XLSX,Hoja1,,,,,,,,,,,,,,,,,,,,,,,,,,,,,,
020101,LICRA FRIA 200 GR,CHOCOLATE,CHOCOLATE,,,,,,127,ZERO_SALES_QUANTITY,sales_quality_checks.csv,KILOS is zero. Not counted as stock movement.,2026-06-01,2026-06-30,020101|CHOCOLATE,2.0,0.0,108151.0,REP  VENTAS COL 1 20 JUNIO.XLSX,Hoja1,,,,,,,,,,,,,,,,,,,,,,,,,,,,,,
020102,LICRA FRIA 240 GR,CRUDO,CRUDO,,,,,,133,ZERO_SALES_QUANTITY,sales_quality_checks.csv,KILOS is zero. Not counted as stock movement.,2026-06-01,2026-06-30,020102|CRUDO,1.0,0.0,46600.0,REP  VENTAS COL 1 20 JUNIO.XLSX,Hoja1,,,,,,,,,,,,,,,,,,,,,,,,,,,,,,
020102,LICRA FRIA 240 GR,GRIS RATA,RATA,,,,,,135,ZERO_SALES_QUANTITY,sales_quality_checks.csv,KILOS is zero. Not counted as stock movement.,2026-06-01,2026-06-30,020102|RATA,6.0,0.0,10242319.0,REP  VENTAS COL 1 20 JUNIO.XLSX,Hoja1,,,,,,,,,,,,,,,,,,,,,,,,,,,,,,
020102,LICRA FRIA 240 GR,PALO DE ROSA,PALO DE ROSA,,,,,,139,ZERO_SALES_QUANTITY,sales_quality_checks.csv,KILOS is zero. Not counted as stock movement.,2026-06-01,2026-06-30,020102|PALO DE ROSA,1.0,0.0,58991.0,REP  VENTAS COL 1 20 JUNIO.XLSX,Hoja1,,,,,,,,,,,,,,,,,,,,,,,,,,,,,,
020102,LICRA FRIA 240 GR,INDIGO,INDIGO,,,,,,142,ZERO_SALES_QUANTITY,sales_quality_checks.csv,KILOS is zero. Not counted as stock movement.,2026-06-01,2026-06-30,020102|INDIGO,1.0,0.0,57479.0,REP  VENTAS COL 1 20 JUNIO.XLSX,Hoja1,,,,,,,,,,,,,,,,,,,,,,,,,,,,,,
020201,REEB LICRA FRIA 200 GR,ROJO,ROJO,,,,,,152,ZERO_SALES_QUANTITY,sales_quality_checks.csv,KILOS is zero. Not counted as stock movement.,2026-06-01,2026-06-30,020201|ROJO,1.0,0.0,3025.0,REP  VENTAS COL 1 20 JUNIO.XLSX,Hoja1,,,,,,,,,,,,,,,,,,,,,,,,,,,,,,
020201,REEB LICRA FRIA 200 GR,CHOCOLATE,CHOCOLATE,,,,,,154,ZERO_SALES_QUANTITY,sales_quality_checks.csv,KILOS is zero. Not counted as stock movement.,2026-06-01,2026-06-30,020201|CHOCOLATE,1.0,0.0,6303.0,REP  VENTAS COL 1 20 JUNIO.XLSX,Hoja1,,,,,,,,,,,,,,,,,,,,,,,,,,,,,,
020202,REEB LICRA FRIA 240 GR,GRIS RATA,RATA,,,,,,161,ZERO_SALES_QUANTITY,sales_quality_checks.csv,KILOS is zero. Not counted as stock movement.,2026-06-01,2026-06-30,020202|RATA,1.0,0.0,471427.0,REP  VENTAS COL 1 20 JUNIO.XLSX,Hoja1,,,,,,,,,,,,,,,,,,,,,,,,,,,,,,
020202,REEB LICRA FRIA 240 GR,PALO DE ROSA,PALO DE ROSA,,,,,,165,ZERO_SALES_QUANTITY,sales_quality_checks.csv,KILOS is zero. Not counted as stock movement.,2026-06-01,2026-06-30,020202|PALO DE ROSA,1.0,0.0,2521.0,REP  VENTAS COL 1 20 JUNIO.XLSX,Hoja1,,,,,,,,,,,,,,,,,,,,,,,,,,,,,,
020202,REEB LICRA FRIA 240 GR,INDIGO,INDIGO,,,,,,168,ZERO_SALES_QUANTITY,sales_quality_checks.csv,KILOS is zero. Not counted as stock movement.,2026-06-01,2026-06-30,020202|INDIGO,1.0,0.0,2521.0,REP  VENTAS COL 1 20 JUNIO.XLSX,Hoja1,,,,,,,,,,,,,,,,,,,,,,,,,,,,,,
050101,BURDA HEAVY 405 GRMS,ARENA,ARENA,,,,,,175,ZERO_SALES_QUANTITY,sales_quality_checks.csv,KILOS is zero. Not counted as stock movement.,2026-06-01,2026-06-30,050101|ARENA,1.0,0.0,65546.0,REP  VENTAS COL 1 20 JUNIO.XLSX,Hoja1,,,,,,,,,,,,,,,,,,,,,,,,,,,,,,
070301,RIB GOLDEN TOUCH,ARENA,ARENA,,,,,,246,ZERO_SALES_QUANTITY,sales_quality_checks.csv,KILOS is zero. Not counted as stock movement.,2026-06-01,2026-06-30,070301|ARENA,1.0,0.0,16805.0,REP  VENTAS COL 1 20 JUNIO.XLSX,Hoja1,,,,,,,,,,,,,,,,,,,,,,,,,,,,,,
070301,RIB GOLDEN TOUCH,GRIS RATA,RATA,,,,,,248,ZERO_SALES_QUANTITY,sales_quality_checks.csv,KILOS is zero. Not counted as stock movement.,2026-06-01,2026-06-30,070301|RATA,1.0,0.0,11428.0,REP  VENTAS COL 1 20 JUNIO.XLSX,Hoja1,,,,,,,,,,,,,,,,,,,,,,,,,,,,,,
070301,RIB GOLDEN TOUCH,KAKY,KAKY,,,,,,250,ZERO_SALES_QUANTITY,sales_quality_checks.csv,KILOS is zero. Not counted as stock movement.,2026-06-01,2026-06-30,070301|KAKY,1.0,0.0,19830.0,REP  VENTAS COL 1 20 JUNIO.XLSX,Hoja1,,,,,,,,,,,,,,,,,,,,,,,,,,,,,,
070301,RIB GOLDEN TOUCH,PALO DE ROSA,PALO DE ROSA,,,,,,252,ZERO_SALES_QUANTITY,sales_quality_checks.csv,KILOS is zero. Not counted as stock movement.,2026-06-01,2026-06-30,070301|PALO DE ROSA,1.0,0.0,8402.0,REP  VENTAS COL 1 20 JUNIO.XLSX,Hoja1,,,,,,,,,,,,,,,,,,,,,,,,,,,,,,
070301,RIB GOLDEN TOUCH,ROJO,ROJO,,,,,,253,ZERO_SALES_QUANTITY,sales_quality_checks.csv,KILOS is zero. Not counted as stock movement.,2026-06-01,2026-06-30,070301|ROJO,1.0,0.0,4202.0,REP  VENTAS COL 1 20 JUNIO.XLSX,Hoja1,,,,,,,,,,,,,,,,,,,,,,,,,,,,,,
070303,TELA GOLDEN TOUCH,ARENA,ARENA,,,,,,256,ZERO_SALES_QUANTITY,sales_quality_checks.csv,KILOS is zero. Not counted as stock movement.,2026-06-01,2026-06-30,070303|ARENA,2.0,0.0,476426.0,REP  VENTAS COL 1 20 JUNIO.XLSX,Hoja1,,,,,,,,,,,,,,,,,,,,,,,,,,,,,,
070303,TELA GOLDEN TOUCH,GRIS CEMENTO,CEMENTO,,,,,,258,ZERO_SALES_QUANTITY,sales_quality_checks.csv,KILOS is zero. Not counted as stock movement.,2026-06-01,2026-06-30,070303|CEMENTO,1.0,0.0,58235.0,REP  VENTAS COL 1 20 JUNIO.XLSX,Hoja1,,,,,,,,,,,,,,,,,,,,,,,,,,,,,,
070303,TELA GOLDEN TOUCH,GRIS RATA,RATA,,,,,,259,ZERO_SALES_QUANTITY,sales_quality_checks.csv,KILOS is zero. Not counted as stock movement.,2026-06-01,2026-06-30,070303|RATA,2.0,0.0,242437.0,REP  VENTAS COL 1 20 JUNIO.XLSX,Hoja1,,,,,,,,,,,,,,,,,,,,,,,,,,,,,,
070303,TELA GOLDEN TOUCH,KAKY,KAKY,,,,,,261,ZERO_SALES_QUANTITY,sales_quality_checks.csv,KILOS is zero. Not counted as stock movement.,2026-06-01,2026-06-30,070303|KAKY,1.0,0.0,497012.0,REP  VENTAS COL 1 20 JUNIO.XLSX,Hoja1,,,,,,,,,,,,,,,,,,,,,,,,,,,,,,
070303,TELA GOLDEN TOUCH,PALO DE ROSA,PALO DE ROSA,,,,,,263,ZERO_SALES_QUANTITY,sales_quality_checks.csv,KILOS is zero. Not counted as stock movement.,2026-06-01,2026-06-30,070303|PALO DE ROSA,2.0,0.0,236022.0,REP  VENTAS COL 1 20 JUNIO.XLSX,Hoja1,,,,,,,,,,,,,,,,,,,,,,,,,,,,,,
070303,TELA GOLDEN TOUCH,ROJO,ROJO,,,,,,264,ZERO_SALES_QUANTITY,sales_quality_checks.csv,KILOS is zero. Not counted as stock movement.,2026-06-01,2026-06-30,070303|ROJO,1.0,0.0,96639.0,REP  VENTAS COL 1 20 JUNIO.XLSX,Hoja1,,,,,,,,,,,,,,,,,,,,,,,,,,,,,,
070303,TELA GOLDEN TOUCH,VERDE BOTELLA,VERDE BOTELLA,,,,,,265,ZERO_SALES_QUANTITY,sales_quality_checks.csv,KILOS is zero. Not counted as stock movement.,2026-06-01,2026-06-30,070303|VERDE BOTELLA,1.0,0.0,57983.0,REP  VENTAS COL 1 20 JUNIO.XLSX,Hoja1,,,,,,,,,,,,,,,,,,,,,,,,,,,,,,
010101,PERUANA 200 GR,PAPRIKA,PAPRIKA,,,,,,17,NEGATIVE_SALES_QUANTITY_TREATED_AS_RETURN_OR_ADJUSTMENT,sales_quality_checks.csv,"KILOS is negative. Counted as inventory increase, but should be reviewed.",2026-02-01,2026-02-28,010101|PAPRIKA,1.0,-1.0,2209611.0,REP 12 COL 1 AL 28 FEBRER.xlsx,Hoja1,,,,,,,,,,,,,,,,,,,,,,,,,,,,,,
010301,"CUELLO S-M 40X8,5 + J PUNO 37,5X3,5",ARENA,ARENA,,,,,,111,NEGATIVE_SALES_QUANTITY_TREATED_AS_RETURN_OR_ADJUSTMENT,sales_quality_checks.csv,"KILOS is negative. Counted as inventory increase, but should be reviewed.",2026-02-01,2026-02-28,010301|ARENA,1.0,-9.0,36306.0,REP 12 COL 1 AL 28 FEBRER.xlsx,Hoja1,,,,,,,,,,,,,,,,,,,,,,,,,,,,,,
010301,"CUELLO S-M 40X8,5 + J PUNO 37,5X3,5",CIELO,CIELO,,,,,,113,NEGATIVE_SALES_QUANTITY_TREATED_AS_RETURN_OR_ADJUSTMENT,sales_quality_checks.csv,"KILOS is negative. Counted as inventory increase, but should be reviewed.",2026-02-01,2026-02-28,010301|CIELO,1.0,-7.0,28238.0,REP 12 COL 1 AL 28 FEBRER.xlsx,Hoja1,,,,,,,,,,,,,,,,,,,,,,,,,,,,,,
010301,"CUELLO S-M 40X8,5 + J PUNO 37,5X3,5",GRIS CEMENTO,CEMENTO,,,,,,114,NEGATIVE_SALES_QUANTITY_TREATED_AS_RETURN_OR_ADJUSTMENT,sales_quality_checks.csv,"KILOS is negative. Counted as inventory increase, but should be reviewed.",2026-02-01,2026-02-28,010301|CEMENTO,1.0,-15.0,60510.0,REP 12 COL 1 AL 28 FEBRER.xlsx,Hoja1,,,,,,,,,,,,,,,,,,,,,,,,,,,,,,
010301,"CUELLO S-M 40X8,5 + J PUNO 37,5X3,5",IVORY,IVORY,,,,,,115,NEGATIVE_SALES_QUANTITY_TREATED_AS_RETURN_OR_ADJUSTMENT,sales_quality_checks.csv,"KILOS is negative. Counted as inventory increase, but should be reviewed.",2026-02-01,2026-02-28,010301|IVORY,1.0,-13.0,52442.0,REP 12 COL 1 AL 28 FEBRER.xlsx,Hoja1,,,,,,,,,,,,,,,,,,,,,,,,,,,,,,
010301,"CUELLO S-M 40X8,5 + J PUNO 37,5X3,5",KAKY,KAKY,,,,,,116,NEGATIVE_SALES_QUANTITY_TREATED_AS_RETURN_OR_ADJUSTMENT,sales_quality_checks.csv,"KILOS is negative. Counted as inventory increase, but should be reviewed.",2026-02-01,2026-02-28,010301|KAKY,1.0,-7.0,28238.0,REP 12 COL 1 AL 28 FEBRER.xlsx,Hoja1,,,,,,,,,,,,,,,,,,,,,,,,,,,,,,
010301,"CUELLO S-M 40X8,5 + J PUNO 37,5X3,5",MENTA BEBE,MENTA BEBE,,,,,,117,NEGATIVE_SALES_QUANTITY_TREATED_AS_RETURN_OR_ADJUSTMENT,sales_quality_checks.csv,"KILOS is negative. Counted as inventory increase, but should be reviewed.",2026-02-01,2026-02-28,010301|MENTA BEBE,1.0,-13.0,52442.0,REP 12 COL 1 AL 28 FEBRER.xlsx,Hoja1,,,,,,,,,,,,,,,,,,,,,,,,,,,,,,
010301,"CUELLO S-M 40X8,5 + J PUNO 37,5X3,5",PAPRIKA,PAPRIKA,,,,,,119,NEGATIVE_SALES_QUANTITY_TREATED_AS_RETURN_OR_ADJUSTMENT,sales_quality_checks.csv,"KILOS is negative. Counted as inventory increase, but should be reviewed.",2026-02-01,2026-02-28,010301|PAPRIKA,1.0,-14.0,56476.0,REP 12 COL 1 AL 28 FEBRER.xlsx,Hoja1,,,,,,,,,,,,,,,,,,,,,,,,,,,,,,
010301,"CUELLO S-M 40X8,5 + J PUNO 37,5X3,5",VERDE BOTELLA,VERDE BOTELLA,,,,,,121,NEGATIVE_SALES_QUANTITY_TREATED_AS_RETURN_OR_ADJUSTMENT,sales_quality_checks.csv,"KILOS is negative. Counted as inventory increase, but should be reviewed.",2026-02-01,2026-02-28,010301|VERDE BOTELLA,1.0,-7.0,72608.0,REP 12 COL 1 AL 28 FEBRER.xlsx,Hoja1,,,,,,,,,,,,,,,,,,,,,,,,,,,,,,
020101,LICRA FRIA 200 GR,ARENA,ARENA,,,,,,131,NEGATIVE_SALES_QUANTITY_TREATED_AS_RETURN_OR_ADJUSTMENT,sales_quality_checks.csv,"KILOS is negative. Counted as inventory increase, but should be reviewed.",2026-02-01,2026-02-28,020101|ARENA,1.0,-60.4,17225100.0,REP 12 COL 1 AL 28 FEBRER.xlsx,Hoja1,,,,,,,,,,,,,,,,,,,,,,,,,,,,,,
020101,LICRA FRIA 200 GR,CRUDO,CRUDO,,,,,,134,NEGATIVE_SALES_QUANTITY_TREATED_AS_RETURN_OR_ADJUSTMENT,sales_quality_checks.csv,"KILOS is negative. Counted as inventory increase, but should be reviewed.",2026-02-01,2026-02-28,020101|CRUDO,1.0,-16.1,1773515.0,REP 12 COL 1 AL 28 FEBRER.xlsx,Hoja1,,,,,,,,,,,,,,,,,,,,,,,,,,,,,,
020101,LICRA FRIA 200 GR,GRIS CEMENTO,CEMENTO,,,,,,135,NEGATIVE_SALES_QUANTITY_TREATED_AS_RETURN_OR_ADJUSTMENT,sales_quality_checks.csv,"KILOS is negative. Counted as inventory increase, but should be reviewed.",2026-02-01,2026-02-28,020101|CEMENTO,2.0,-4.9,5258748.0,REP 12 COL 1 AL 28 FEBRER.xlsx,Hoja1,,,,,,,,,,,,,,,,,,,,,,,,,,,,,,
020101,LICRA FRIA 200 GR,KAKY,KAKY,,,,,,137,NEGATIVE_SALES_QUANTITY_TREATED_AS_RETURN_OR_ADJUSTMENT,sales_quality_checks.csv,"KILOS is negative. Counted as inventory increase, but should be reviewed.",2026-02-01,2026-02-28,020101|KAKY,3.0,-173.1,4790641.0,REP 12 COL 1 AL 28 FEBRER.xlsx,Hoja1,,,,,,,,,,,,,,,,,,,,,,,,,,,,,,
010101,PERUANA 200 GR,ROSE,ROSE,,,,,,22,ZERO_SALES_QUANTITY,sales_quality_checks.csv,KILOS is zero. Not counted as stock movement.,2026-02-01,2026-02-28,010101|ROSE,1.0,0.0,479120.0,REP 12 COL 1 AL 28 FEBRER.xlsx,Hoja1,,,,,,,,,,,,,,,,,,,,,,,,,,,,,,
010102,PERUANA 250 GR,CIELO,CIELO,,,,,,30,ZERO_SALES_QUANTITY,sales_quality_checks.csv,KILOS is zero. Not counted as stock movement.,2026-02-01,2026-02-28,010102|CIELO,1.0,0.0,180336.0,REP 12 COL 1 AL 28 FEBRER.xlsx,Hoja1,,,,,,,,,,,,,,,,,,,,,,,,,,,,,,
010102,PERUANA 250 GR,PAPRIKA,PAPRIKA,,,,,,36,ZERO_SALES_QUANTITY,sales_quality_checks.csv,KILOS is zero. Not counted as stock movement.,2026-02-01,2026-02-28,010102|PAPRIKA,1.0,0.0,1809611.0,REP 12 COL 1 AL 28 FEBRER.xlsx,Hoja1,,,,,,,,,,,,,,,,,,,,,,,,,,,,,,
010104,PERUANA 150 GR,BLANCO,BLANCO,,,,,,47,ZERO_SALES_QUANTITY,sales_quality_checks.csv,KILOS is zero. Not counted as stock movement.,2026-02-01,2026-02-28,010104|BLANCO,1.0,0.0,1031093.0,REP 12 COL 1 AL 28 FEBRER.xlsx,Hoja1,,,,,,,,,,,,,,,,,,,,,,,,,,,,,,
010105,PERUANA PIQUE LICRADO,GRIS CEMENTO,CEMENTO,,,,,,52,ZERO_SALES_QUANTITY,sales_quality_checks.csv,KILOS is zero. Not counted as stock movement.,2026-02-01,2026-02-28,010105|CEMENTO,1.0,0.0,606723.0,REP 12 COL 1 AL 28 FEBRER.xlsx,Hoja1,,,,,,,,,,,,,,,,,,,,,,,,,,,,,,
010204,REEB PERUANA 150 GR,ARENA,ARENA,,,,,,100,ZERO_SALES_QUANTITY,sales_quality_checks.csv,KILOS is zero. Not counted as stock movement.,2026-02-01,2026-02-28,010204|ARENA,1.0,0.0,90252.0,REP 12 COL 1 AL 28 FEBRER.xlsx,Hoja1,,,,,,,,,,,,,,,,,,,,,,,,,,,,,,
010302,"CUELLO L-XL 42X8,5 + PUNO 37,5X3,5 +",PAPRIKA,PAPRIKA,,,,,,126,ZERO_SALES_QUANTITY,sales_quality_checks.csv,KILOS is zero. Not counted as stock movement.,2026-02-01,2026-02-28,010302|PAPRIKA,1.0,0.0,193275.0,REP 12 COL 1 AL 28 FEBRER.xlsx,Hoja1,,,,,,,,,,,,,,,,,,,,,,,,,,,,,,
020101,LICRA FRIA 200 GR,JASPE MEDIO,JASPE MEDIO,,,,,,136,ZERO_SALES_QUANTITY,sales_quality_checks.csv,KILOS is zero. Not counted as stock movement.,2026-02-01,2026-02-28,020101|JASPE MEDIO,1.0,0.0,79328.0,REP 12 COL 1 AL 28 FEBRER.xlsx,Hoja1,,,,,,,,,,,,,,,,,,,,,,,,,,,,,,
010101,PERUANA 200 GR,BURGUNDY,BURGUNDY,,,,,,21,NEGATIVE_SALES_QUANTITY_TREATED_AS_RETURN_OR_ADJUSTMENT,sales_quality_checks.csv,"KILOS is negative. Counted as inventory increase, but should be reviewed.",2026-04-01,2026-04-30,010101|BURGUNDY,1.0,-262.04,12112904.0,REP 12 VENTAS 1 30 ABRIL.xlsx,Hoja1,,,,,,,,,,,,,,,,,,,,,,,,,,,,,,
010102,PERUANA 250 GR,VERDE BOTELLA,VERDE BOTELLA,,,,,,36,NEGATIVE_SALES_QUANTITY_TREATED_AS_RETURN_OR_ADJUSTMENT,sales_quality_checks.csv,"KILOS is negative. Counted as inventory increase, but should be reviewed.",2026-04-01,2026-04-30,010102|VERDE BOTELLA,1.0,-18.38,787712.0,REP 12 VENTAS 1 30 ABRIL.xlsx,Hoja1,,,,,,,,,,,,,,,,,,,,,,,,,,,,,,
010106,PERUANA 310 GR,BLANCO,BLANCO,,,,,,63,NEGATIVE_SALES_QUANTITY_TREATED_AS_RETURN_OR_ADJUSTMENT,sales_quality_checks.csv,"KILOS is negative. Counted as inventory increase, but should be reviewed.",2026-04-01,2026-04-30,010106|BLANCO,1.0,-235.8,26376470.0,REP 12 VENTAS 1 30 ABRIL.xlsx,Hoja1,,,,,,,,,,,,,,,,,,,,,,,,,,,,,,
010201,REEB PERUANA 200 GR,BURGUNDY,BURGUNDY,,,,,,95,NEGATIVE_SALES_QUANTITY_TREATED_AS_RETURN_OR_ADJUSTMENT,sales_quality_checks.csv,"KILOS is negative. Counted as inventory increase, but should be reviewed.",2026-04-01,2026-04-30,010201|BURGUNDY,1.0,-10.9,448818.0,REP 12 VENTAS 1 30 ABRIL.xlsx,Hoja1,,,,,,,,,,,,,,,,,,,,,,,,,,,,,,
010202,REEB PERUANA 250 GR,BURGUNDY,BURGUNDY,,,,,,112,NEGATIVE_SALES_QUANTITY_TREATED_AS_RETURN_OR_ADJUSTMENT,sales_quality_checks.csv,"KILOS is negative. Counted as inventory increase, but should be reviewed.",2026-04-01,2026-04-30,010202|BURGUNDY,1.0,-5.0,205880.0,REP 12 VENTAS 1 30 ABRIL.xlsx,Hoja1,,,,,,,,,,,,,,,,,,,,,,,,,,,,,,
010206,REEB PERUANA 310 GR,BLANCO,BLANCO,,,,,,128,NEGATIVE_SALES_QUANTITY_TREATED_AS_RETURN_OR_ADJUSTMENT,sales_quality_checks.csv,"KILOS is negative. Counted as inventory increase, but should be reviewed.",2026-04-01,2026-04-30,010206|BLANCO,1.0,-12.6,1484102.0,REP 12 VENTAS 1 30 ABRIL.xlsx,Hoja1,,,,,,,,,,,,,,,,,,,,,,,,,,,,,,
010102,PERUANA 250 GR,TOFFE,TOFFE,,,,,,35,ZERO_SALES_QUANTITY,sales_quality_checks.csv,KILOS is zero. Not counted as stock movement.,2026-04-01,2026-04-30,010102|TOFFE,1.0,0.0,67494.0,REP 12 VENTAS 1 30 ABRIL.xlsx,Hoja1,,,,,,,,,,,,,,,,,,,,,,,,,,,,,,
010105,PERUANA PIQUE LICRADO,TURQUI,TURQUI,,,,,,59,ZERO_SALES_QUANTITY,sales_quality_checks.csv,KILOS is zero. Not counted as stock movement.,2026-04-01,2026-04-30,010105|TURQUI,3.0,0.0,190924.0,REP 12 VENTAS 1 30 ABRIL.xlsx,Hoja1,,,,,,,,,,,,,,,,,,,,,,,,,,,,,,
010301,"CUELLO S-M 40X8,5 + J PUNO 37,5X3,5",IVORY,IVORY,,,,,,150,ZERO_SALES_QUANTITY,sales_quality_checks.csv,KILOS is zero. Not counted as stock movement.,2026-04-01,2026-04-30,010301|IVORY,1.0,0.0,14790.0,REP 12 VENTAS 1 30 ABRIL.xlsx,Hoja1,,,,,,,,,,,,,,,,,,,,,,,,,,,,,,
010301,"CUELLO S-M 40X8,5 + J PUNO 37,5X3,5",TURQUI,TURQUI,,,,,,152,ZERO_SALES_QUANTITY,sales_quality_checks.csv,KILOS is zero. Not counted as stock movement.,2026-04-01,2026-04-30,010301|TURQUI,1.0,0.0,40336.0,REP 12 VENTAS 1 30 ABRIL.xlsx,Hoja1,,,,,,,,,,,,,,,,,,,,,,,,,,,,,,
010302,"CUELLO L-XL 42X8,5 + PUNO 37,5X3,5 +",IVORY,IVORY,,,,,,156,ZERO_SALES_QUANTITY,sales_quality_checks.csv,KILOS is zero. Not counted as stock movement.,2026-04-01,2026-04-30,010302|IVORY,1.0,0.0,14790.0,REP 12 VENTAS 1 30 ABRIL.xlsx,Hoja1,,,,,,,,,,,,,,,,,,,,,,,,,,,,,,
010302,"CUELLO L-XL 42X8,5 + PUNO 37,5X3,5 +",TURQUI,TURQUI,,,,,,158,ZERO_SALES_QUANTITY,sales_quality_checks.csv,KILOS is zero. Not counted as stock movement.,2026-04-01,2026-04-30,010302|TURQUI,1.0,0.0,40336.0,REP 12 VENTAS 1 30 ABRIL.xlsx,Hoja1,,,,,,,,,,,,,,,,,,,,,,,,,,,,,,
020101,LICRA FRIA 200 GR,CRUDO,CRUDO,,,,,,164,ZERO_SALES_QUANTITY,sales_quality_checks.csv,KILOS is zero. Not counted as stock movement.,2026-04-01,2026-04-30,020101|CRUDO,3.0,0.0,5509898.0,REP 12 VENTAS 1 30 ABRIL.xlsx,Hoja1,,,,,,,,,,,,,,,,,,,,,,,,,,,,,,
020101,LICRA FRIA 200 GR,LILA,LILA,,,,,,169,ZERO_SALES_QUANTITY,sales_quality_checks.csv,KILOS is zero. Not counted as stock movement.,2026-04-01,2026-04-30,020101|LILA,2.0,0.0,266805.0,REP 12 VENTAS 1 30 ABRIL.xlsx,Hoja1,,,,,,,,,,,,,,,,,,,,,,,,,,,,,,
020101,LICRA FRIA 200 GR,MENTA BEBE,MENTA BEBE,,,,,,170,ZERO_SALES_QUANTITY,sales_quality_checks.csv,KILOS is zero. Not counted as stock movement.,2026-04-01,2026-04-30,020101|MENTA BEBE,2.0,0.0,114705.0,REP 12 VENTAS 1 30 ABRIL.xlsx,Hoja1,,,,,,,,,,,,,,,,,,,,,,,,,,,,,,
020201,REEB LICRA FRIA 200 GR,CRUDO,CRUDO,,,,,,199,ZERO_SALES_QUANTITY,sales_quality_checks.csv,KILOS is zero. Not counted as stock movement.,2026-04-01,2026-04-30,020201|CRUDO,1.0,0.0,242016.0,REP 12 VENTAS 1 30 ABRIL.xlsx,Hoja1,,,,,,,,,,,,,,,,,,,,,,,,,,,,,,
070101,TELA QATAR PREMIUM,ARENA,ARENA,,,,,,243,ZERO_SALES_QUANTITY,sales_quality_checks.csv,KILOS is zero. Not counted as stock movement.,2026-04-01,2026-04-30,070101|ARENA,1.0,0.0,62017.0,REP 12 VENTAS 1 30 ABRIL.xlsx,Hoja1,,,,,,,,,,,,,,,,,,,,,,,,,,,,,,
070101,TELA QATAR PREMIUM,AZUL MEDIO,AZUL M,,,,,,244,ZERO_SALES_QUANTITY,sales_quality_checks.csv,KILOS is zero. Not counted as stock movement.,2026-04-01,2026-04-30,070101|AZUL M,1.0,0.0,58991.0,REP 12 VENTAS 1 30 ABRIL.xlsx,Hoja1,,,,,,,,,,,,,,,,,,,,,,,,,,,,,,
070101,TELA QATAR PREMIUM,IVORY,IVORY,,,,,,248,ZERO_SALES_QUANTITY,sales_quality_checks.csv,KILOS is zero. Not counted as stock movement.,2026-04-01,2026-04-30,070101|IVORY,2.0,0.0,134622.0,REP 12 VENTAS 1 30 ABRIL.xlsx,Hoja1,,,,,,,,,,,,,,,,,,,,,,,,,,,,,,
070101,TELA QATAR PREMIUM,KAKY,KAKY,,,,,,249,ZERO_SALES_QUANTITY,sales_quality_checks.csv,KILOS is zero. Not counted as stock movement.,2026-04-01,2026-04-30,070101|KAKY,1.0,0.0,65798.0,REP 12 VENTAS 1 30 ABRIL.xlsx,Hoja1,,,,,,,,,,,,,,,,,,,,,,,,,,,,,,
070101,TELA QATAR PREMIUM,PALO DE ROSA,PALO DE ROSA,,,,,,251,ZERO_SALES_QUANTITY,sales_quality_checks.csv,KILOS is zero. Not counted as stock movement.,2026-04-01,2026-04-30,070101|PALO DE ROSA,1.0,0.0,60252.0,REP 12 VENTAS 1 30 ABRIL.xlsx,Hoja1,,,,,,,,,,,,,,,,,,,,,,,,,,,,,,
070101,TELA QATAR PREMIUM,VERDE BOTELLA,VERDE BOTELLA,,,,,,252,ZERO_SALES_QUANTITY,sales_quality_checks.csv,KILOS is zero. Not counted as stock movement.,2026-04-01,2026-04-30,070101|VERDE BOTELLA,1.0,0.0,61765.0,REP 12 VENTAS 1 30 ABRIL.xlsx,Hoja1,,,,,,,,,,,,,,,,,,,,,,,,,,,,,,
070102,RIB QATAR PREMIUM,ARENA,ARENA,,,,,,258,ZERO_SALES_QUANTITY,sales_quality_checks.csv,KILOS is zero. Not counted as stock movement.,2026-04-01,2026-04-30,070102|ARENA,1.0,0.0,12605.0,REP 12 VENTAS 1 30 ABRIL.xlsx,Hoja1,,,,,,,,,,,,,,,,,,,,,,,,,,,,,,
070102,RIB QATAR PREMIUM,AZUL MEDIO,AZUL M,,,,,,259,ZERO_SALES_QUANTITY,sales_quality_checks.csv,KILOS is zero. Not counted as stock movement.,2026-04-01,2026-04-30,070102|AZUL M,1.0,0.0,12605.0,REP 12 VENTAS 1 30 ABRIL.xlsx,Hoja1,,,,,,,,,,,,,,,,,,,,,,,,,,,,,,
070102,RIB QATAR PREMIUM,IVORY,IVORY,,,,,,263,ZERO_SALES_QUANTITY,sales_quality_checks.csv,KILOS is zero. Not counted as stock movement.,2026-04-01,2026-04-30,070102|IVORY,1.0,0.0,25462.0,REP 12 VENTAS 1 30 ABRIL.xlsx,Hoja1,,,,,,,,,,,,,,,,,,,,,,,,,,,,,,
070102,RIB QATAR PREMIUM,PALO DE ROSA,PALO DE ROSA,,,,,,266,ZERO_SALES_QUANTITY,sales_quality_checks.csv,KILOS is zero. Not counted as stock movement.,2026-04-01,2026-04-30,070102|PALO DE ROSA,1.0,0.0,12605.0,REP 12 VENTAS 1 30 ABRIL.xlsx,Hoja1,,,,,,,,,,,,,,,,,,,,,,,,,,,,,,
070102,RIB QATAR PREMIUM,VERDE BOTELLA,VERDE BOTELLA,,,,,,267,ZERO_SALES_QUANTITY,sales_quality_checks.csv,KILOS is zero. Not counted as stock movement.,2026-04-01,2026-04-30,070102|VERDE BOTELLA,1.0,0.0,12605.0,REP 12 VENTAS 1 30 ABRIL.xlsx,Hoja1,,,,,,,,,,,,,,,,,,,,,,,,,,,,,,
010101,PERUANA 200 GR,JASPE OSCURO,JASPE OSCURO,,,,,,22,ZERO_SALES_QUANTITY,sales_quality_checks.csv,KILOS is zero. Not counted as stock movement.,2026-01-01,2026-01-31,010101|JASPE OSCURO,1.0,0.0,814184.0,Rep 12 ventas col 1 31 Enero.XLSX,Hoja1,,,,,,,,,,,,,,,,,,,,,,,,,,,,,,
010102,PERUANA 250 GR,CAMEL,CAMEL,,,,,,42,ZERO_SALES_QUANTITY,sales_quality_checks.csv,KILOS is zero. Not counted as stock movement.,2026-01-01,2026-01-31,010102|CAMEL,1.0,0.0,2303694.0,Rep 12 ventas col 1 31 Enero.XLSX,Hoja1,,,,,,,,,,,,,,,,,,,,,,,,,,,,,,
020101,LICRA FRIA 200 GR,CRUDO,CRUDO,,,,,,137,ZERO_SALES_QUANTITY,sales_quality_checks.csv,KILOS is zero. Not counted as stock movement.,2026-01-01,2026-01-31,020101|CRUDO,2.0,0.0,116470.0,Rep 12 ventas col 1 31 Enero.XLSX,Hoja1,,,,,,,,,,,,,,,,,,,,,,,,,,,,,,
020102,LICRA FRIA 240 GR,TOFFE,TOFFE,,,,,,156,ZERO_SALES_QUANTITY,sales_quality_checks.csv,KILOS is zero. Not counted as stock movement.,2026-01-01,2026-01-31,020102|TOFFE,1.0,0.0,4814705.0,Rep 12 ventas col 1 31 Enero.XLSX,Hoja1,,,,,,,,,,,,,,,,,,,,,,,,,,,,,,
020202,REEB LICRA FRIA 240 GR,CRUDO,CRUDO,,,,,,178,ZERO_SALES_QUANTITY,sales_quality_checks.csv,KILOS is zero. Not counted as stock movement.,2026-01-01,2026-01-31,020202|CRUDO,1.0,0.0,97479.0,Rep 12 ventas col 1 31 Enero.XLSX,Hoja1,,,,,,,,,,,,,,,,,,,,,,,,,,,,,,
020202,REEB LICRA FRIA 240 GR,MENTA BEBE,MENTA BEBE,,,,,,183,ZERO_SALES_QUANTITY,sales_quality_checks.csv,KILOS is zero. Not counted as stock movement.,2026-01-01,2026-01-31,020202|MENTA BEBE,1.0,0.0,20168.0,Rep 12 ventas col 1 31 Enero.XLSX,Hoja1,,,,,,,,,,,,,,,,,,,,,,,,,,,,,,
010102,PERUANA 250 GR,ARENA,ARENA,,,,,,29,NEGATIVE_SALES_QUANTITY_TREATED_AS_RETURN_OR_ADJUSTMENT,sales_quality_checks.csv,"KILOS is negative. Counted as inventory increase, but should be reviewed.",2026-03-01,2026-03-31,010102|ARENA,3.0,-117.37,26945217.0,REP 12 VENTAS COL 1 31MARZO.xlsx,Hoja1,,,,,,,,,,,,,,,,,,,,,,,,,,,,,,
010102,PERUANA 250 GR,GRIS CEMENTO,CEMENTO,,,,,,32,NEGATIVE_SALES_QUANTITY_TREATED_AS_RETURN_OR_ADJUSTMENT,sales_quality_checks.csv,"KILOS is negative. Counted as inventory increase, but should be reviewed.",2026-03-01,2026-03-31,010102|CEMENTO,8.0,-140.2,6226627.0,REP 12 VENTAS COL 1 31MARZO.xlsx,Hoja1,,,,,,,,,,,,,,,,,,,,,,,,,,,,,,
010102,PERUANA 250 GR,IVORY,IVORY,,,,,,34,NEGATIVE_SALES_QUANTITY_TREATED_AS_RETURN_OR_ADJUSTMENT,sales_quality_checks.csv,"KILOS is negative. Counted as inventory increase, but should be reviewed.",2026-03-01,2026-03-31,010102|IVORY,5.0,-89.54,56787919.0,REP 12 VENTAS COL 1 31MARZO.xlsx,Hoja1,,,,,,,,,,,,,,,,,,,,,,,,,,,,,,
010102,PERUANA 250 GR,KAKY,KAKY,,,,,,35,NEGATIVE_SALES_QUANTITY_TREATED_AS_RETURN_OR_ADJUSTMENT,sales_quality_checks.csv,"KILOS is negative. Counted as inventory increase, but should be reviewed.",2026-03-01,2026-03-31,010102|KAKY,1.0,-15.36,12122704.0,REP 12 VENTAS COL 1 31MARZO.xlsx,Hoja1,,,,,,,,,,,,,,,,,,,,,,,,,,,,,,
010102,PERUANA 250 GR,VERDE BOTELLA,VERDE BOTELLA,,,,,,40,NEGATIVE_SALES_QUANTITY_TREATED_AS_RETURN_OR_ADJUSTMENT,sales_quality_checks.csv,"KILOS is negative. Counted as inventory increase, but should be reviewed.",2026-03-01,2026-03-31,010102|VERDE BOTELLA,2.0,-139.36,15824978.0,REP 12 VENTAS COL 1 31MARZO.xlsx,Hoja1,,,,,,,,,,,,,,,,,,,,,,,,,,,,,,
010102,PERUANA 250 GR,BURGUNDY,BURGUNDY,,,,,,43,NEGATIVE_SALES_QUANTITY_TREATED_AS_RETURN_OR_ADJUSTMENT,sales_quality_checks.csv,"KILOS is negative. Counted as inventory increase, but should be reviewed.",2026-03-01,2026-03-31,010102|BURGUNDY,1.0,-89.15,7044951.0,REP 12 VENTAS COL 1 31MARZO.xlsx,Hoja1,,,,,,,,,,,,,,,,,,,,,,,,,,,,,,
010102,PERUANA 250 GR,CHOCOLATE,CHOCOLATE,,,,,,44,NEGATIVE_SALES_QUANTITY_TREATED_AS_RETURN_OR_ADJUSTMENT,sales_quality_checks.csv,"KILOS is negative. Counted as inventory increase, but should be reviewed.",2026-03-01,2026-03-31,010102|CHOCOLATE,21.0,-354.82,17103839.0,REP 12 VENTAS COL 1 31MARZO.xlsx,Hoja1,,,,,,,,,,,,,,,,,,,,,,,,,,,,,,
010202,REEB PERUANA 250 GR,ARENA,ARENA,,,,,,102,NEGATIVE_SALES_QUANTITY_TREATED_AS_RETURN_OR_ADJUSTMENT,sales_quality_checks.csv,"KILOS is negative. Counted as inventory increase, but should be reviewed.",2026-03-01,2026-03-31,010202|ARENA,1.0,-0.4,1340277.0,REP 12 VENTAS COL 1 31MARZO.xlsx,Hoja1,,,,,,,,,,,,,,,,,,,,,,,,,,,,,,
010202,REEB PERUANA 250 GR,GRIS CEMENTO,CEMENTO,,,,,,105,NEGATIVE_SALES_QUANTITY_TREATED_AS_RETURN_OR_ADJUSTMENT,sales_quality_checks.csv,"KILOS is negative. Counted as inventory increase, but should be reviewed.",2026-03-01,2026-03-31,010202|CEMENTO,1.0,-10.0,439320.0,REP 12 VENTAS COL 1 31MARZO.xlsx,Hoja1,,,,,,,,,,,,,,,,,,,,,,,,,,,,,,
010202,REEB PERUANA 250 GR,VERDE BOTELLA,VERDE BOTELLA,,,,,,113,NEGATIVE_SALES_QUANTITY_TREATED_AS_RETURN_OR_ADJUSTMENT,sales_quality_checks.csv,"KILOS is negative. Counted as inventory increase, but should be reviewed.",2026-03-01,2026-03-31,010202|VERDE BOTELLA,1.0,-3.5,751492.0,REP 12 VENTAS COL 1 31MARZO.xlsx,Hoja1,,,,,,,,,,,,,,,,,,,,,,,,,,,,,,
010202,REEB PERUANA 250 GR,BURGUNDY,BURGUNDY,,,,,,116,NEGATIVE_SALES_QUANTITY_TREATED_AS_RETURN_OR_ADJUSTMENT,sales_quality_checks.csv,"KILOS is negative. Counted as inventory increase, but should be reviewed.",2026-03-01,2026-03-31,010202|BURGUNDY,1.0,-0.2,604543.0,REP 12 VENTAS COL 1 31MARZO.xlsx,Hoja1,,,,,,,,,,,,,,,,,,,,,,,,,,,,,,
010202,REEB PERUANA 250 GR,CHOCOLATE,CHOCOLATE,,,,,,117,NEGATIVE_SALES_QUANTITY_TREATED_AS_RETURN_OR_ADJUSTMENT,sales_quality_checks.csv,"KILOS is negative. Counted as inventory increase, but should be reviewed.",2026-03-01,2026-03-31,010202|CHOCOLATE,1.0,-16.93,827197.0,REP 12 VENTAS COL 1 31MARZO.xlsx,Hoja1,,,,,,,,,,,,,,,,,,,,,,,,,,,,,,
050101,BURDA HEAVY 405 GRMS,IVORY,IVORY,,,,,,221,NEGATIVE_SALES_QUANTITY_TREATED_AS_RETURN_OR_ADJUSTMENT,sales_quality_checks.csv,"KILOS is negative. Counted as inventory increase, but should be reviewed.",2026-03-01,2026-03-31,050101|IVORY,15.0,-152.2,18250361.0,REP 12 VENTAS COL 1 31MARZO.xlsx,Hoja1,,,,,,,,,,,,,,,,,,,,,,,,,,,,,,
050201,REEB BURDA HEAVY 406 GRMS,IVORY,IVORY,,,,,,228,NEGATIVE_SALES_QUANTITY_TREATED_AS_RETURN_OR_ADJUSTMENT,sales_quality_checks.csv,"KILOS is negative. Counted as inventory increase, but should be reviewed.",2026-03-01,2026-03-31,050201|IVORY,1.0,-36.0,2984477.0,REP 12 VENTAS COL 1 31MARZO.xlsx,Hoja1,,,,,,,,,,,,,,,,,,,,,,,,,,,,,,
010101,PERUANA 200 GR,GRIS CEMENTO,CEMENTO,,,,,,11,ZERO_SALES_QUANTITY,sales_quality_checks.csv,KILOS is zero. Not counted as stock movement.,2026-03-01,2026-03-31,010101|CEMENTO,1.0,0.0,57277.0,REP 12 VENTAS COL 1 31MARZO.xlsx,Hoja1,,,,,,,,,,,,,,,,,,,,,,,,,,,,,,
010102,PERUANA 250 GR,AZUL MEDIO,AZUL M,,,,,,30,ZERO_SALES_QUANTITY,sales_quality_checks.csv,KILOS is zero. Not counted as stock movement.,2026-03-01,2026-03-31,010102|AZUL M,1.0,0.0,1926689.0,REP 12 VENTAS COL 1 31MARZO.xlsx,Hoja1,,,,,,,,,,,,,,,,,,,,,,,,,,,,,,
010102,PERUANA 250 GR,ROSADO VIVO,ROSADO VIVO,,,,,,38,ZERO_SALES_QUANTITY,sales_quality_checks.csv,KILOS is zero. Not counted as stock movement.,2026-03-01,2026-03-31,010102|ROSADO VIVO,1.0,0.0,123698.0,REP 12 VENTAS COL 1 31MARZO.xlsx,Hoja1,,,,,,,,,,,,,,,,,,,,,,,,,,,,,,
010106,PERUANA 310 GR,CHOCOLATE,CHOCOLATE,,,,,,73,ZERO_SALES_QUANTITY,sales_quality_checks.csv,KILOS is zero. Not counted as stock movement.,2026-03-01,2026-03-31,010106|CHOCOLATE,6.0,0.0,12414080.0,REP 12 VENTAS COL 1 31MARZO.xlsx,Hoja1,,,,,,,,,,,,,,,,,,,,,,,,,,,,,,
010201,REEB PERUANA 200 GR,GRIS CEMENTO,CEMENTO,,,,,,87,ZERO_SALES_QUANTITY,sales_quality_checks.csv,KILOS is zero. Not counted as stock movement.,2026-03-01,2026-03-31,010201|CEMENTO,1.0,0.0,149014.0,REP 12 VENTAS COL 1 31MARZO.xlsx,Hoja1,,,,,,,,,,,,,,,,,,,,,,,,,,,,,,
010202,REEB PERUANA 250 GR,ROSADO VIVO,ROSADO VIVO,,,,,,111,ZERO_SALES_QUANTITY,sales_quality_checks.csv,KILOS is zero. Not counted as stock movement.,2026-03-01,2026-03-31,010202|ROSADO VIVO,1.0,0.0,7731.0,REP 12 VENTAS COL 1 31MARZO.xlsx,Hoja1,,,,,,,,,,,,,,,,,,,,,,,,,,,,,,
010204,REEB PERUANA 150 GR,IVORY,IVORY,,,,,,120,ZERO_SALES_QUANTITY,sales_quality_checks.csv,KILOS is zero. Not counted as stock movement.,2026-03-01,2026-03-31,010204|IVORY,1.0,0.0,48907.0,REP 12 VENTAS COL 1 31MARZO.xlsx,Hoja1,,,,,,,,,,,,,,,,,,,,,,,,,,,,,,
010206,REEB PERUANA 310 GR,CHOCOLATE,CHOCOLATE,,,,,,129,ZERO_SALES_QUANTITY,sales_quality_checks.csv,KILOS is zero. Not counted as stock movement.,2026-03-01,2026-03-31,010206|CHOCOLATE,1.0,0.0,672000.0,REP 12 VENTAS COL 1 31MARZO.xlsx,Hoja1,,,,,,,,,,,,,,,,,,,,,,,,,,,,,,
050101,BURDA HEAVY 405 GRMS,GRIS CEMENTO,CEMENTO,,,,,,220,ZERO_SALES_QUANTITY,sales_quality_checks.csv,KILOS is zero. Not counted as stock movement.,2026-03-01,2026-03-31,050101|CEMENTO,4.0,0.0,8253600.0,REP 12 VENTAS COL 1 31MARZO.xlsx,Hoja1,,,,,,,,,,,,,,,,,,,,,,,,,,,,,,
050201,REEB BURDA HEAVY 406 GRMS,GRIS CEMENTO,CEMENTO,,,,,,227,ZERO_SALES_QUANTITY,sales_quality_checks.csv,KILOS is zero. Not counted as stock movement.,2026-03-01,2026-03-31,050201|CEMENTO,1.0,0.0,1048800.0,REP 12 VENTAS COL 1 31MARZO.xlsx,Hoja1,,,,,,,,,,,,,,,,,,,,,,,,,,,,,,
010102,PERUANA 250 GR,GRIS RATA,RATA,,,,,,26,NEGATIVE_SALES_QUANTITY_TREATED_AS_RETURN_OR_ADJUSTMENT,sales_quality_checks.csv,"KILOS is negative. Counted as inventory increase, but should be reviewed.",2026-05-01,2026-05-31,010102|RATA,1.0,-18.3,722777.0,REP DE VENTAS COL 1 AL 30 MAYO.xlsx,Hoja1,,,,,,,,,,,,,,,,,,,,,,,,,,,,,,
010102,PERUANA 250 GR,BURGUNDY,BURGUNDY,,,,,,35,NEGATIVE_SALES_QUANTITY_TREATED_AS_RETURN_OR_ADJUSTMENT,sales_quality_checks.csv,"KILOS is negative. Counted as inventory increase, but should be reviewed.",2026-05-01,2026-05-31,010102|BURGUNDY,1.0,-17.96,709348.0,REP DE VENTAS COL 1 AL 30 MAYO.xlsx,Hoja1,,,,,,,,,,,,,,,,,,,,,,,,,,,,,,
010202,REEB PERUANA 250 GR,GRIS RATA,RATA,,,,,,93,NEGATIVE_SALES_QUANTITY_TREATED_AS_RETURN_OR_ADJUSTMENT,sales_quality_checks.csv,"KILOS is negative. Counted as inventory increase, but should be reviewed.",2026-05-01,2026-05-31,010202|RATA,1.0,-1.0,39496.0,REP DE VENTAS COL 1 AL 30 MAYO.xlsx,Hoja1,,,,,,,,,,,,,,,,,,,,,,,,,,,,,,
010202,REEB PERUANA 250 GR,BURGUNDY,BURGUNDY,,,,,,101,NEGATIVE_SALES_QUANTITY_TREATED_AS_RETURN_OR_ADJUSTMENT,sales_quality_checks.csv,"KILOS is negative. Counted as inventory increase, but should be reviewed.",2026-05-01,2026-05-31,010202|BURGUNDY,1.0,-1.0,39496.0,REP DE VENTAS COL 1 AL 30 MAYO.xlsx,Hoja1,,,,,,,,,,,,,,,,,,,,,,,,,,,,,,
070301,RIB GOLDEN TOUCH,ARENA,ARENA,,,,,,289,NEGATIVE_SALES_QUANTITY_TREATED_AS_RETURN_OR_ADJUSTMENT,sales_quality_checks.csv,"KILOS is negative. Counted as inventory increase, but should be reviewed.",2026-05-01,2026-05-31,070301|ARENA,1.0,-5.0,353748.0,REP DE VENTAS COL 1 AL 30 MAYO.xlsx,Hoja1,,,,,,,,,,,,,,,,,,,,,,,,,,,,,,
070301,RIB GOLDEN TOUCH,GRIS CEMENTO,CEMENTO,,,,,,291,NEGATIVE_SALES_QUANTITY_TREATED_AS_RETURN_OR_ADJUSTMENT,sales_quality_checks.csv,"KILOS is negative. Counted as inventory increase, but should be reviewed.",2026-05-01,2026-05-31,070301|CEMENTO,1.0,-2.4,115825.0,REP DE VENTAS COL 1 AL 30 MAYO.xlsx,Hoja1,,,,,,,,,,,,,,,,,,,,,,,,,,,,,,
070301,RIB GOLDEN TOUCH,GRIS RATA,RATA,,,,,,292,NEGATIVE_SALES_QUANTITY_TREATED_AS_RETURN_OR_ADJUSTMENT,sales_quality_checks.csv,"KILOS is negative. Counted as inventory increase, but should be reviewed.",2026-05-01,2026-05-31,070301|RATA,1.0,-2.9,154451.0,REP DE VENTAS COL 1 AL 30 MAYO.xlsx,Hoja1,,,,,,,,,,,,,,,,,,,,,,,,,,,,,,
070301,RIB GOLDEN TOUCH,KAKY,KAKY,,,,,,294,NEGATIVE_SALES_QUANTITY_TREATED_AS_RETURN_OR_ADJUSTMENT,sales_quality_checks.csv,"KILOS is negative. Counted as inventory increase, but should be reviewed.",2026-05-01,2026-05-31,070301|KAKY,1.0,-2.6,243468.0,REP DE VENTAS COL 1 AL 30 MAYO.xlsx,Hoja1,,,,,,,,,,,,,,,,,,,,,,,,,,,,,,
070301,RIB GOLDEN TOUCH,PALO DE ROSA,PALO DE ROSA,,,,,,296,NEGATIVE_SALES_QUANTITY_TREATED_AS_RETURN_OR_ADJUSTMENT,sales_quality_checks.csv,"KILOS is negative. Counted as inventory increase, but should be reviewed.",2026-05-01,2026-05-31,070301|PALO DE ROSA,1.0,-3.6,169200.0,REP DE VENTAS COL 1 AL 30 MAYO.xlsx,Hoja1,,,,,,,,,,,,,,,,,,,,,,,,,,,,,,
070301,RIB GOLDEN TOUCH,VERDE BOTELLA,VERDE BOTELLA,,,,,,298,NEGATIVE_SALES_QUANTITY_TREATED_AS_RETURN_OR_ADJUSTMENT,sales_quality_checks.csv,"KILOS is negative. Counted as inventory increase, but should be reviewed.",2026-05-01,2026-05-31,070301|VERDE BOTELLA,1.0,-1.2,62955.0,REP DE VENTAS COL 1 AL 30 MAYO.xlsx,Hoja1,,,,,,,,,,,,,,,,,,,,,,,,,,,,,,
070301,RIB GOLDEN TOUCH,CHOCOLATE,CHOCOLATE,,,,,,299,NEGATIVE_SALES_QUANTITY_TREATED_AS_RETURN_OR_ADJUSTMENT,sales_quality_checks.csv,"KILOS is negative. Counted as inventory increase, but should be reviewed.",2026-05-01,2026-05-31,070301|CHOCOLATE,1.0,-2.4,234746.0,REP DE VENTAS COL 1 AL 30 MAYO.xlsx,Hoja1,,,,,,,,,,,,,,,,,,,,,,,,,,,,,,
070303,TELA GOLDEN TOUCH,ARENA,ARENA,,,,,,302,NEGATIVE_SALES_QUANTITY_TREATED_AS_RETURN_OR_ADJUSTMENT,sales_quality_checks.csv,"KILOS is negative. Counted as inventory increase, but should be reviewed.",2026-05-01,2026-05-31,070303|ARENA,2.0,-85.7,6578277.0,REP DE VENTAS COL 1 AL 30 MAYO.xlsx,Hoja1,,,,,,,,,,,,,,,,,,,,,,,,,,,,,,
070303,TELA GOLDEN TOUCH,BLANCO,BLANCO,,,,,,303,NEGATIVE_SALES_QUANTITY_TREATED_AS_RETURN_OR_ADJUSTMENT,sales_quality_checks.csv,"KILOS is negative. Counted as inventory increase, but should be reviewed.",2026-05-01,2026-05-31,070303|BLANCO,3.0,-43.8,8488188.0,REP DE VENTAS COL 1 AL 30 MAYO.xlsx,Hoja1,,,,,,,,,,,,,,,,,,,,,,,,,,,,,,
070303,TELA GOLDEN TOUCH,GRIS CEMENTO,CEMENTO,,,,,,304,NEGATIVE_SALES_QUANTITY_TREATED_AS_RETURN_OR_ADJUSTMENT,sales_quality_checks.csv,"KILOS is negative. Counted as inventory increase, but should be reviewed.",2026-05-01,2026-05-31,070303|CEMENTO,1.0,-41.9,2027283.0,REP DE VENTAS COL 1 AL 30 MAYO.xlsx,Hoja1,,,,,,,,,,,,,,,,,,,,,,,,,,,,,,
070303,TELA GOLDEN TOUCH,GRIS RATA,RATA,,,,,,305,NEGATIVE_SALES_QUANTITY_TREATED_AS_RETURN_OR_ADJUSTMENT,sales_quality_checks.csv,"KILOS is negative. Counted as inventory increase, but should be reviewed.",2026-05-01,2026-05-31,070303|RATA,5.0,-38.1,2118683.0,REP DE VENTAS COL 1 AL 30 MAYO.xlsx,Hoja1,,,,,,,,,,,,,,,,,,,,,,,,,,,,,,
070303,TELA GOLDEN TOUCH,KAKY,KAKY,,,,,,307,NEGATIVE_SALES_QUANTITY_TREATED_AS_RETURN_OR_ADJUSTMENT,sales_quality_checks.csv,"KILOS is negative. Counted as inventory increase, but should be reviewed.",2026-05-01,2026-05-31,070303|KAKY,1.0,-49.3,4619441.0,REP DE VENTAS COL 1 AL 30 MAYO.xlsx,Hoja1,,,,,,,,,,,,,,,,,,,,,,,,,,,,,,
070303,TELA GOLDEN TOUCH,PALO DE ROSA,PALO DE ROSA,,,,,,309,NEGATIVE_SALES_QUANTITY_TREATED_AS_RETURN_OR_ADJUSTMENT,sales_quality_checks.csv,"KILOS is negative. Counted as inventory increase, but should be reviewed.",2026-05-01,2026-05-31,070303|PALO DE ROSA,3.0,-68.4,3214800.0,REP DE VENTAS COL 1 AL 30 MAYO.xlsx,Hoja1,,,,,,,,,,,,,,,,,,,,,,,,,,,,,,
070303,TELA GOLDEN TOUCH,VERDE BOTELLA,VERDE BOTELLA,,,,,,311,NEGATIVE_SALES_QUANTITY_TREATED_AS_RETURN_OR_ADJUSTMENT,sales_quality_checks.csv,"KILOS is negative. Counted as inventory increase, but should be reviewed.",2026-05-01,2026-05-31,070303|VERDE BOTELLA,2.0,-19.1,1009381.0,REP DE VENTAS COL 1 AL 30 MAYO.xlsx,Hoja1,,,,,,,,,,,,,,,,,,,,,,,,,,,,,,
070303,TELA GOLDEN TOUCH,CHOCOLATE,CHOCOLATE,,,,,,312,NEGATIVE_SALES_QUANTITY_TREATED_AS_RETURN_OR_ADJUSTMENT,sales_quality_checks.csv,"KILOS is negative. Counted as inventory increase, but should be reviewed.",2026-05-01,2026-05-31,070303|CHOCOLATE,1.0,-49.7,4398688.0,REP DE VENTAS COL 1 AL 30 MAYO.xlsx,Hoja1,,,,,,,,,,,,,,,,,,,,,,,,,,,,,,
010106,PERUANA 310 GR,ARENA,ARENA,,,,,,58,ZERO_SALES_QUANTITY,sales_quality_checks.csv,KILOS is zero. Not counted as stock movement.,2026-05-01,2026-05-31,010106|ARENA,1.0,0.0,96756.0,REP DE VENTAS COL 1 AL 30 MAYO.xlsx,Hoja1,,,,,,,,,,,,,,,,,,,,,,,,,,,,,,
010204,REEB PERUANA 150 GR,NEGRO,NEGRO,,,,,,107,ZERO_SALES_QUANTITY,sales_quality_checks.csv,KILOS is zero. Not counted as stock movement.,2026-05-01,2026-05-31,010204|NEGRO,1.0,0.0,147898.0,REP DE VENTAS COL 1 AL 30 MAYO.xlsx,Hoja1,,,,,,,,,,,,,,,,,,,,,,,,,,,,,,
070102,RIB QATAR PREMIUM,PALO DE ROSA,PALO DE ROSA,772009910004,,,,,1003,RECEIPT_REPORT_HAS_SALIDA,receipts_quality_checks.csv,"Receipt report has SALIDA values. Use ENTRADA as receipt, but review because report is not a pure import document.",,,070102|PALO DE ROSA,,,,CONTENEDOR QATAR PREMIUM PX 09 JUNIO.xlsx,Hoja1,2026-06-09,2026-06,25,00991,0004,56.4,56.4,10.8,45.6,,,,,,,,,,,,,,,,,,,,,
070101,TELA QATAR PREMIUM,PALO DE ROSA,PALO DE ROSA,772009790008,,,,,761,RECEIPT_REPORT_HAS_ASIGNACION,receipts_quality_checks.csv,Receipt report has ASIGNACION values. Review operational meaning.,,,070101|PALO DE ROSA,,,,CONTENEDOR QATAR PREMIUM PX 09 JUNIO.xlsx,Hoja1,2026-06-09,2026-06,25,00979,0008,23.4,23.4,,23.4,,,,,,,,,,,,,,,,,,,,,
070102,RIB QATAR PREMIUM,PALO DE ROSA,PALO DE ROSA,772009910004,,,,,1003,RECEIPT_REPORT_HAS_ASIGNACION,receipts_quality_checks.csv,Receipt report has ASIGNACION values. Review operational meaning.,,,070102|PALO DE ROSA,,,,CONTENEDOR QATAR PREMIUM PX 09 JUNIO.xlsx,Hoja1,2026-06-09,2026-06,25,00991,0004,56.4,56.4,10.8,45.6,,,,,,,,,,,,,,,,,,,,,
070101,TELA QATAR PREMIUM,PALO DE ROSA,PALO DE ROSA,772009790001,,,,,696,DUPLICATE_LOTROL,receipts_quality_checks.csv,Same LOTROL appears in more than one receipt row. Only first occurrence is counted in official movements.,,,070101|PALO DE ROSA,,,,REP CONTENEDR QATAR PREMIUM 27.XLSX,Hoja1,2026-01-27,2026-01,25,00979,0001,,,,,,24.2,1.0,True,0.0,24.2,,,,,,,,,,,,,,,
070101,TELA QATAR PREMIUM,PALO DE ROSA,PALO DE ROSA,772009790001,,,,,754,DUPLICATE_LOTROL,receipts_quality_checks.csv,Same LOTROL appears in more than one receipt row. Only first occurrence is counted in official movements.,,,070101|PALO DE ROSA,,,,CONTENEDOR QATAR PREMIUM PX 09 JUNIO.xlsx,Hoja1,2026-06-09,2026-06,25,00979,0001,,,,,,24.2,2.0,False,24.2,24.2,,,,,,,,,,,,,,,
070101,TELA QATAR PREMIUM,PALO DE ROSA,PALO DE ROSA,772009790002,,,,,697,DUPLICATE_LOTROL,receipts_quality_checks.csv,Same LOTROL appears in more than one receipt row. Only first occurrence is counted in official movements.,,,070101|PALO DE ROSA,,,,REP CONTENEDR QATAR PREMIUM 27.XLSX,Hoja1,2026-01-27,2026-01,25,00979,0002,,,,,,23.7,1.0,True,0.0,23.7,,,,,,,,,,,,,,,
070101,TELA QATAR PREMIUM,PALO DE ROSA,PALO DE ROSA,772009790002,,,,,755,DUPLICATE_LOTROL,receipts_quality_checks.csv,Same LOTROL appears in more than one receipt row. Only first occurrence is counted in official movements.,,,070101|PALO DE ROSA,,,,CONTENEDOR QATAR PREMIUM PX 09 JUNIO.xlsx,Hoja1,2026-06-09,2026-06,25,00979,0002,,,,,,23.7,2.0,False,23.7,23.7,,,,,,,,,,,,,,,
070101,TELA QATAR PREMIUM,PALO DE ROSA,PALO DE ROSA,772009790003,,,,,698,DUPLICATE_LOTROL,receipts_quality_checks.csv,Same LOTROL appears in more than one receipt row. Only first occurrence is counted in official movements.,,,070101|PALO DE ROSA,,,,REP CONTENEDR QATAR PREMIUM 27.XLSX,Hoja1,2026-01-27,2026-01,25,00979,0003,,,,,,23.7,1.0,True,0.0,23.7,,,,,,,,,,,,,,,
070101,TELA QATAR PREMIUM,PALO DE ROSA,PALO DE ROSA,772009790003,,,,,756,DUPLICATE_LOTROL,receipts_quality_checks.csv,Same LOTROL appears in more than one receipt row. Only first occurrence is counted in official movements.,,,070101|PALO DE ROSA,,,,CONTENEDOR QATAR PREMIUM PX 09 JUNIO.xlsx,Hoja1,2026-06-09,2026-06,25,00979,0003,,,,,,23.7,2.0,False,23.7,23.7,,,,,,,,,,,,,,,
070101,TELA QATAR PREMIUM,PALO DE ROSA,PALO DE ROSA,772009790004,,,,,699,DUPLICATE_LOTROL,receipts_quality_checks.csv,Same LOTROL appears in more than one receipt row. Only first occurrence is counted in official movements.,,,070101|PALO DE ROSA,,,,REP CONTENEDR QATAR PREMIUM 27.XLSX,Hoja1,2026-01-27,2026-01,25,00979,0004,,,,,,25.5,1.0,True,0.0,25.5,,,,,,,,,,,,,,,
070101,TELA QATAR PREMIUM,PALO DE ROSA,PALO DE ROSA,772009790004,,,,,757,DUPLICATE_LOTROL,receipts_quality_checks.csv,Same LOTROL appears in more than one receipt row. Only first occurrence is counted in official movements.,,,070101|PALO DE ROSA,,,,CONTENEDOR QATAR PREMIUM PX 09 JUNIO.xlsx,Hoja1,2026-06-09,2026-06,25,00979,0004,,,,,,25.5,2.0,False,25.5,25.5,,,,,,,,,,,,,,,
070101,TELA QATAR PREMIUM,PALO DE ROSA,PALO DE ROSA,772009790005,,,,,700,DUPLICATE_LOTROL,receipts_quality_checks.csv,Same LOTROL appears in more than one receipt row. Only first occurrence is counted in official movements.,,,070101|PALO DE ROSA,,,,REP CONTENEDR QATAR PREMIUM 27.XLSX,Hoja1,2026-01-27,2026-01,25,00979,0005,,,,,,20.3,1.0,True,0.0,20.3,,,,,,,,,,,,,,,
070101,TELA QATAR PREMIUM,PALO DE ROSA,PALO DE ROSA,772009790005,,,,,758,DUPLICATE_LOTROL,receipts_quality_checks.csv,Same LOTROL appears in more than one receipt row. Only first occurrence is counted in official movements.,,,070101|PALO DE ROSA,,,,CONTENEDOR QATAR PREMIUM PX 09 JUNIO.xlsx,Hoja1,2026-06-09,2026-06,25,00979,0005,,,,,,20.3,2.0,False,20.3,20.3,,,,,,,,,,,,,,,
070101,TELA QATAR PREMIUM,PALO DE ROSA,PALO DE ROSA,772009790006,,,,,701,DUPLICATE_LOTROL,receipts_quality_checks.csv,Same LOTROL appears in more than one receipt row. Only first occurrence is counted in official movements.,,,070101|PALO DE ROSA,,,,REP CONTENEDR QATAR PREMIUM 27.XLSX,Hoja1,2026-01-27,2026-01,25,00979,0006,,,,,,24.5,1.0,True,0.0,24.5,,,,,,,,,,,,,,,
070101,TELA QATAR PREMIUM,PALO DE ROSA,PALO DE ROSA,772009790006,,,,,759,DUPLICATE_LOTROL,receipts_quality_checks.csv,Same LOTROL appears in more than one receipt row. Only first occurrence is counted in official movements.,,,070101|PALO DE ROSA,,,,CONTENEDOR QATAR PREMIUM PX 09 JUNIO.xlsx,Hoja1,2026-06-09,2026-06,25,00979,0006,,,,,,24.5,2.0,False,24.5,24.5,,,,,,,,,,,,,,,
070101,TELA QATAR PREMIUM,PALO DE ROSA,PALO DE ROSA,772009790007,,,,,702,DUPLICATE_LOTROL,receipts_quality_checks.csv,Same LOTROL appears in more than one receipt row. Only first occurrence is counted in official movements.,,,070101|PALO DE ROSA,,,,REP CONTENEDR QATAR PREMIUM 27.XLSX,Hoja1,2026-01-27,2026-01,25,00979,0007,,,,,,24.6,1.0,True,0.0,24.6,,,,,,,,,,,,,,,
070101,TELA QATAR PREMIUM,PALO DE ROSA,PALO DE ROSA,772009790007,,,,,760,DUPLICATE_LOTROL,receipts_quality_checks.csv,Same LOTROL appears in more than one receipt row. Only first occurrence is counted in official movements.,,,070101|PALO DE ROSA,,,,CONTENEDOR QATAR PREMIUM PX 09 JUNIO.xlsx,Hoja1,2026-06-09,2026-06,25,00979,0007,,,,,,24.6,2.0,False,24.6,24.6,,,,,,,,,,,,,,,
070101,TELA QATAR PREMIUM,PALO DE ROSA,PALO DE ROSA,772009790008,,,,,703,DUPLICATE_LOTROL,receipts_quality_checks.csv,Same LOTROL appears in more than one receipt row. Only first occurrence is counted in official movements.,,,070101|PALO DE ROSA,,,,REP CONTENEDR QATAR PREMIUM 27.XLSX,Hoja1,2026-01-27,2026-01,25,00979,0008,,,,,,23.4,1.0,True,0.0,23.4,,,,,,,,,,,,,,,
070101,TELA QATAR PREMIUM,PALO DE ROSA,PALO DE ROSA,772009790008,,,,,761,DUPLICATE_LOTROL,receipts_quality_checks.csv,Same LOTROL appears in more than one receipt row. Only first occurrence is counted in official movements.,,,070101|PALO DE ROSA,,,,CONTENEDOR QATAR PREMIUM PX 09 JUNIO.xlsx,Hoja1,2026-06-09,2026-06,25,00979,0008,,,,,,23.4,2.0,False,23.4,23.4,,,,,,,,,,,,,,,
070101,TELA QATAR PREMIUM,PALO DE ROSA,PALO DE ROSA,772009790011,,,,,706,DUPLICATE_LOTROL,receipts_quality_checks.csv,Same LOTROL appears in more than one receipt row. Only first occurrence is counted in official movements.,,,070101|PALO DE ROSA,,,,REP CONTENEDR QATAR PREMIUM 27.XLSX,Hoja1,2026-01-27,2026-01,25,00979,0011,,,,,,26.3,1.0,True,0.0,26.3,,,,,,,,,,,,,,,
070101,TELA QATAR PREMIUM,PALO DE ROSA,PALO DE ROSA,772009790011,,,,,762,DUPLICATE_LOTROL,receipts_quality_checks.csv,Same LOTROL appears in more than one receipt row. Only first occurrence is counted in official movements.,,,070101|PALO DE ROSA,,,,CONTENEDOR QATAR PREMIUM PX 09 JUNIO.xlsx,Hoja1,2026-06-09,2026-06,25,00979,0011,,,,,,26.3,2.0,False,26.3,26.3,,,,,,,,,,,,,,,
070101,TELA QATAR PREMIUM,PALO DE ROSA,PALO DE ROSA,772009790012,,,,,707,DUPLICATE_LOTROL,receipts_quality_checks.csv,Same LOTROL appears in more than one receipt row. Only first occurrence is counted in official movements.,,,070101|PALO DE ROSA,,,,REP CONTENEDR QATAR PREMIUM 27.XLSX,Hoja1,2026-01-27,2026-01,25,00979,0012,,,,,,22.9,1.0,True,0.0,22.9,,,,,,,,,,,,,,,
070101,TELA QATAR PREMIUM,PALO DE ROSA,PALO DE ROSA,772009790012,,,,,763,DUPLICATE_LOTROL,receipts_quality_checks.csv,Same LOTROL appears in more than one receipt row. Only first occurrence is counted in official movements.,,,070101|PALO DE ROSA,,,,CONTENEDOR QATAR PREMIUM PX 09 JUNIO.xlsx,Hoja1,2026-06-09,2026-06,25,00979,0012,,,,,,22.9,2.0,False,22.9,22.9,,,,,,,,,,,,,,,
070101,TELA QATAR PREMIUM,PALO DE ROSA,PALO DE ROSA,772009790014,,,,,709,DUPLICATE_LOTROL,receipts_quality_checks.csv,Same LOTROL appears in more than one receipt row. Only first occurrence is counted in official movements.,,,070101|PALO DE ROSA,,,,REP CONTENEDR QATAR PREMIUM 27.XLSX,Hoja1,2026-01-27,2026-01,25,00979,0014,,,,,,23.6,1.0,True,0.0,23.6,,,,,,,,,,,,,,,
070101,TELA QATAR PREMIUM,PALO DE ROSA,PALO DE ROSA,772009790014,,,,,764,DUPLICATE_LOTROL,receipts_quality_checks.csv,Same LOTROL appears in more than one receipt row. Only first occurrence is counted in official movements.,,,070101|PALO DE ROSA,,,,CONTENEDOR QATAR PREMIUM PX 09 JUNIO.xlsx,Hoja1,2026-06-09,2026-06,25,00979,0014,,,,,,23.6,2.0,False,23.6,23.6,,,,,,,,,,,,,,,
070101,TELA QATAR PREMIUM,PALO DE ROSA,PALO DE ROSA,772009790015,,,,,710,DUPLICATE_LOTROL,receipts_quality_checks.csv,Same LOTROL appears in more than one receipt row. Only first occurrence is counted in official movements.,,,070101|PALO DE ROSA,,,,REP CONTENEDR QATAR PREMIUM 27.XLSX,Hoja1,2026-01-27,2026-01,25,00979,0015,,,,,,23.1,1.0,True,0.0,23.1,,,,,,,,,,,,,,,
070101,TELA QATAR PREMIUM,PALO DE ROSA,PALO DE ROSA,772009790015,,,,,765,DUPLICATE_LOTROL,receipts_quality_checks.csv,Same LOTROL appears in more than one receipt row. Only first occurrence is counted in official movements.,,,070101|PALO DE ROSA,,,,CONTENEDOR QATAR PREMIUM PX 09 JUNIO.xlsx,Hoja1,2026-06-09,2026-06,25,00979,0015,,,,,,23.1,2.0,False,23.1,23.1,,,,,,,,,,,,,,,
070101,TELA QATAR PREMIUM,PALO DE ROSA,PALO DE ROSA,772009790016,,,,,711,DUPLICATE_LOTROL,receipts_quality_checks.csv,Same LOTROL appears in more than one receipt row. Only first occurrence is counted in official movements.,,,070101|PALO DE ROSA,,,,REP CONTENEDR QATAR PREMIUM 27.XLSX,Hoja1,2026-01-27,2026-01,25,00979,0016,,,,,,24.1,1.0,True,0.0,24.1,,,,,,,,,,,,,,,
070101,TELA QATAR PREMIUM,PALO DE ROSA,PALO DE ROSA,772009790016,,,,,766,DUPLICATE_LOTROL,receipts_quality_checks.csv,Same LOTROL appears in more than one receipt row. Only first occurrence is counted in official movements.,,,070101|PALO DE ROSA,,,,CONTENEDOR QATAR PREMIUM PX 09 JUNIO.xlsx,Hoja1,2026-06-09,2026-06,25,00979,0016,,,,,,24.1,2.0,False,24.1,24.1,,,,,,,,,,,,,,,
070101,TELA QATAR PREMIUM,PALO DE ROSA,PALO DE ROSA,772009790018,,,,,713,DUPLICATE_LOTROL,receipts_quality_checks.csv,Same LOTROL appears in more than one receipt row. Only first occurrence is counted in official movements.,,,070101|PALO DE ROSA,,,,REP CONTENEDR QATAR PREMIUM 27.XLSX,Hoja1,2026-01-27,2026-01,25,00979,0018,,,,,,23.5,1.0,True,0.0,23.5,,,,,,,,,,,,,,,
070101,TELA QATAR PREMIUM,PALO DE ROSA,PALO DE ROSA,772009790018,,,,,767,DUPLICATE_LOTROL,receipts_quality_checks.csv,Same LOTROL appears in more than one receipt row. Only first occurrence is counted in official movements.,,,070101|PALO DE ROSA,,,,CONTENEDOR QATAR PREMIUM PX 09 JUNIO.xlsx,Hoja1,2026-06-09,2026-06,25,00979,0018,,,,,,23.5,2.0,False,23.5,23.5,,,,,,,,,,,,,,,
070101,TELA QATAR PREMIUM,PALO DE ROSA,PALO DE ROSA,772009790019,,,,,714,DUPLICATE_LOTROL,receipts_quality_checks.csv,Same LOTROL appears in more than one receipt row. Only first occurrence is counted in official movements.,,,070101|PALO DE ROSA,,,,REP CONTENEDR QATAR PREMIUM 27.XLSX,Hoja1,2026-01-27,2026-01,25,00979,0019,,,,,,24.0,1.0,True,0.0,24.0,,,,,,,,,,,,,,,
070101,TELA QATAR PREMIUM,PALO DE ROSA,PALO DE ROSA,772009790019,,,,,768,DUPLICATE_LOTROL,receipts_quality_checks.csv,Same LOTROL appears in more than one receipt row. Only first occurrence is counted in official movements.,,,070101|PALO DE ROSA,,,,CONTENEDOR QATAR PREMIUM PX 09 JUNIO.xlsx,Hoja1,2026-06-09,2026-06,25,00979,0019,,,,,,24.0,2.0,False,24.0,24.0,,,,,,,,,,,,,,,
070101,TELA QATAR PREMIUM,PALO DE ROSA,PALO DE ROSA,772009790020,,,,,715,DUPLICATE_LOTROL,receipts_quality_checks.csv,Same LOTROL appears in more than one receipt row. Only first occurrence is counted in official movements.,,,070101|PALO DE ROSA,,,,REP CONTENEDR QATAR PREMIUM 27.XLSX,Hoja1,2026-01-27,2026-01,25,00979,0020,,,,,,23.9,1.0,True,0.0,23.9,,,,,,,,,,,,,,,
070101,TELA QATAR PREMIUM,PALO DE ROSA,PALO DE ROSA,772009790020,,,,,769,DUPLICATE_LOTROL,receipts_quality_checks.csv,Same LOTROL appears in more than one receipt row. Only first occurrence is counted in official movements.,,,070101|PALO DE ROSA,,,,CONTENEDOR QATAR PREMIUM PX 09 JUNIO.xlsx,Hoja1,2026-06-09,2026-06,25,00979,0020,,,,,,23.9,2.0,False,23.9,23.9,,,,,,,,,,,,,,,
070101,TELA QATAR PREMIUM,PALO DE ROSA,PALO DE ROSA,772009790021,,,,,716,DUPLICATE_LOTROL,receipts_quality_checks.csv,Same LOTROL appears in more than one receipt row. Only first occurrence is counted in official movements.,,,070101|PALO DE ROSA,,,,REP CONTENEDR QATAR PREMIUM 27.XLSX,Hoja1,2026-01-27,2026-01,25,00979,0021,,,,,,23.6,1.0,True,0.0,23.6,,,,,,,,,,,,,,,
070101,TELA QATAR PREMIUM,PALO DE ROSA,PALO DE ROSA,772009790021,,,,,770,DUPLICATE_LOTROL,receipts_quality_checks.csv,Same LOTROL appears in more than one receipt row. Only first occurrence is counted in official movements.,,,070101|PALO DE ROSA,,,,CONTENEDOR QATAR PREMIUM PX 09 JUNIO.xlsx,Hoja1,2026-06-09,2026-06,25,00979,0021,,,,,,23.6,2.0,False,23.6,23.6,,,,,,,,,,,,,,,
070101,TELA QATAR PREMIUM,PALO DE ROSA,PALO DE ROSA,772009790022,,,,,717,DUPLICATE_LOTROL,receipts_quality_checks.csv,Same LOTROL appears in more than one receipt row. Only first occurrence is counted in official movements.,,,070101|PALO DE ROSA,,,,REP CONTENEDR QATAR PREMIUM 27.XLSX,Hoja1,2026-01-27,2026-01,25,00979,0022,,,,,,22.1,1.0,True,0.0,22.1,,,,,,,,,,,,,,,
070101,TELA QATAR PREMIUM,PALO DE ROSA,PALO DE ROSA,772009790022,,,,,771,DUPLICATE_LOTROL,receipts_quality_checks.csv,Same LOTROL appears in more than one receipt row. Only first occurrence is counted in official movements.,,,070101|PALO DE ROSA,,,,CONTENEDOR QATAR PREMIUM PX 09 JUNIO.xlsx,Hoja1,2026-06-09,2026-06,25,00979,0022,,,,,,22.1,2.0,False,22.1,22.1,,,,,,,,,,,,,,,
070101,TELA QATAR PREMIUM,PALO DE ROSA,PALO DE ROSA,772009790023,,,,,718,DUPLICATE_LOTROL,receipts_quality_checks.csv,Same LOTROL appears in more than one receipt row. Only first occurrence is counted in official movements.,,,070101|PALO DE ROSA,,,,REP CONTENEDR QATAR PREMIUM 27.XLSX,Hoja1,2026-01-27,2026-01,25,00979,0023,,,,,,23.9,1.0,True,0.0,23.9,,,,,,,,,,,,,,,
070101,TELA QATAR PREMIUM,PALO DE ROSA,PALO DE ROSA,772009790023,,,,,772,DUPLICATE_LOTROL,receipts_quality_checks.csv,Same LOTROL appears in more than one receipt row. Only first occurrence is counted in official movements.,,,070101|PALO DE ROSA,,,,CONTENEDOR QATAR PREMIUM PX 09 JUNIO.xlsx,Hoja1,2026-06-09,2026-06,25,00979,0023,,,,,,23.9,2.0,False,23.9,23.9,,,,,,,,,,,,,,,
070101,TELA QATAR PREMIUM,PALO DE ROSA,PALO DE ROSA,772009790024,,,,,719,DUPLICATE_LOTROL,receipts_quality_checks.csv,Same LOTROL appears in more than one receipt row. Only first occurrence is counted in official movements.,,,070101|PALO DE ROSA,,,,REP CONTENEDR QATAR PREMIUM 27.XLSX,Hoja1,2026-01-27,2026-01,25,00979,0024,,,,,,23.9,1.0,True,0.0,23.9,,,,,,,,,,,,,,,
070101,TELA QATAR PREMIUM,PALO DE ROSA,PALO DE ROSA,772009790024,,,,,773,DUPLICATE_LOTROL,receipts_quality_checks.csv,Same LOTROL appears in more than one receipt row. Only first occurrence is counted in official movements.,,,070101|PALO DE ROSA,,,,CONTENEDOR QATAR PREMIUM PX 09 JUNIO.xlsx,Hoja1,2026-06-09,2026-06,25,00979,0024,,,,,,23.9,2.0,False,23.9,23.9,,,,,,,,,,,,,,,
070101,TELA QATAR PREMIUM,PALO DE ROSA,PALO DE ROSA,772009790025,,,,,720,DUPLICATE_LOTROL,receipts_quality_checks.csv,Same LOTROL appears in more than one receipt row. Only first occurrence is counted in official movements.,,,070101|PALO DE ROSA,,,,REP CONTENEDR QATAR PREMIUM 27.XLSX,Hoja1,2026-01-27,2026-01,25,00979,0025,,,,,,24.2,1.0,True,0.0,24.2,,,,,,,,,,,,,,,
070101,TELA QATAR PREMIUM,PALO DE ROSA,PALO DE ROSA,772009790025,,,,,774,DUPLICATE_LOTROL,receipts_quality_checks.csv,Same LOTROL appears in more than one receipt row. Only first occurrence is counted in official movements.,,,070101|PALO DE ROSA,,,,CONTENEDOR QATAR PREMIUM PX 09 JUNIO.xlsx,Hoja1,2026-06-09,2026-06,25,00979,0025,,,,,,24.2,2.0,False,24.2,24.2,,,,,,,,,,,,,,,
070101,TELA QATAR PREMIUM,PALO DE ROSA,PALO DE ROSA,772009790026,,,,,721,DUPLICATE_LOTROL,receipts_quality_checks.csv,Same LOTROL appears in more than one receipt row. Only first occurrence is counted in official movements.,,,070101|PALO DE ROSA,,,,REP CONTENEDR QATAR PREMIUM 27.XLSX,Hoja1,2026-01-27,2026-01,25,00979,0026,,,,,,23.7,1.0,True,0.0,23.7,,,,,,,,,,,,,,,
070101,TELA QATAR PREMIUM,PALO DE ROSA,PALO DE ROSA,772009790026,,,,,775,DUPLICATE_LOTROL,receipts_quality_checks.csv,Same LOTROL appears in more than one receipt row. Only first occurrence is counted in official movements.,,,070101|PALO DE ROSA,,,,CONTENEDOR QATAR PREMIUM PX 09 JUNIO.xlsx,Hoja1,2026-06-09,2026-06,25,00979,0026,,,,,,23.7,2.0,False,23.7,23.7,,,,,,,,,,,,,,,
070101,TELA QATAR PREMIUM,PALO DE ROSA,PALO DE ROSA,772009790027,,,,,722,DUPLICATE_LOTROL,receipts_quality_checks.csv,Same LOTROL appears in more than one receipt row. Only first occurrence is counted in official movements.,,,070101|PALO DE ROSA,,,,REP CONTENEDR QATAR PREMIUM 27.XLSX,Hoja1,2026-01-27,2026-01,25,00979,0027,,,,,,30.7,1.0,True,0.0,30.7,,,,,,,,,,,,,,,
070101,TELA QATAR PREMIUM,PALO DE ROSA,PALO DE ROSA,772009790027,,,,,776,DUPLICATE_LOTROL,receipts_quality_checks.csv,Same LOTROL appears in more than one receipt row. Only first occurrence is counted in official movements.,,,070101|PALO DE ROSA,,,,CONTENEDOR QATAR PREMIUM PX 09 JUNIO.xlsx,Hoja1,2026-06-09,2026-06,25,00979,0027,,,,,,30.7,2.0,False,30.7,30.7,,,,,,,,,,,,,,,
070101,TELA QATAR PREMIUM,PALO DE ROSA,PALO DE ROSA,772009790028,,,,,723,DUPLICATE_LOTROL,receipts_quality_checks.csv,Same LOTROL appears in more than one receipt row. Only first occurrence is counted in official movements.,,,070101|PALO DE ROSA,,,,REP CONTENEDR QATAR PREMIUM 27.XLSX,Hoja1,2026-01-27,2026-01,25,00979,0028,,,,,,24.2,1.0,True,0.0,24.2,,,,,,,,,,,,,,,
070101,TELA QATAR PREMIUM,PALO DE ROSA,PALO DE ROSA,772009790028,,,,,777,DUPLICATE_LOTROL,receipts_quality_checks.csv,Same LOTROL appears in more than one receipt row. Only first occurrence is counted in official movements.,,,070101|PALO DE ROSA,,,,CONTENEDOR QATAR PREMIUM PX 09 JUNIO.xlsx,Hoja1,2026-06-09,2026-06,25,00979,0028,,,,,,24.2,2.0,False,24.2,24.2,,,,,,,,,,,,,,,
070101,TELA QATAR PREMIUM,PALO DE ROSA,PALO DE ROSA,772009790029,,,,,724,DUPLICATE_LOTROL,receipts_quality_checks.csv,Same LOTROL appears in more than one receipt row. Only first occurrence is counted in official movements.,,,070101|PALO DE ROSA,,,,REP CONTENEDR QATAR PREMIUM 27.XLSX,Hoja1,2026-01-27,2026-01,25,00979,0029,,,,,,23.7,1.0,True,0.0,23.7,,,,,,,,,,,,,,,
070101,TELA QATAR PREMIUM,PALO DE ROSA,PALO DE ROSA,772009790029,,,,,778,DUPLICATE_LOTROL,receipts_quality_checks.csv,Same LOTROL appears in more than one receipt row. Only first occurrence is counted in official movements.,,,070101|PALO DE ROSA,,,,CONTENEDOR QATAR PREMIUM PX 09 JUNIO.xlsx,Hoja1,2026-06-09,2026-06,25,00979,0029,,,,,,23.7,2.0,False,23.7,23.7,,,,,,,,,,,,,,,
070101,TELA QATAR PREMIUM,PALO DE ROSA,PALO DE ROSA,772009790030,,,,,725,DUPLICATE_LOTROL,receipts_quality_checks.csv,Same LOTROL appears in more than one receipt row. Only first occurrence is counted in official movements.,,,070101|PALO DE ROSA,,,,REP CONTENEDR QATAR PREMIUM 27.XLSX,Hoja1,2026-01-27,2026-01,25,00979,0030,,,,,,23.5,1.0,True,0.0,23.5,,,,,,,,,,,,,,,
070101,TELA QATAR PREMIUM,PALO DE ROSA,PALO DE ROSA,772009790030,,,,,779,DUPLICATE_LOTROL,receipts_quality_checks.csv,Same LOTROL appears in more than one receipt row. Only first occurrence is counted in official movements.,,,070101|PALO DE ROSA,,,,CONTENEDOR QATAR PREMIUM PX 09 JUNIO.xlsx,Hoja1,2026-06-09,2026-06,25,00979,0030,,,,,,23.5,2.0,False,23.5,23.5,,,,,,,,,,,,,,,
070101,TELA QATAR PREMIUM,PALO DE ROSA,PALO DE ROSA,772009790032,,,,,727,DUPLICATE_LOTROL,receipts_quality_checks.csv,Same LOTROL appears in more than one receipt row. Only first occurrence is counted in official movements.,,,070101|PALO DE ROSA,,,,REP CONTENEDR QATAR PREMIUM 27.XLSX,Hoja1,2026-01-27,2026-01,25,00979,0032,,,,,,13.8,1.0,True,0.0,13.8,,,,,,,,,,,,,,,
070101,TELA QATAR PREMIUM,PALO DE ROSA,PALO DE ROSA,772009790032,,,,,780,DUPLICATE_LOTROL,receipts_quality_checks.csv,Same LOTROL appears in more than one receipt row. Only first occurrence is counted in official movements.,,,070101|PALO DE ROSA,,,,CONTENEDOR QATAR PREMIUM PX 09 JUNIO.xlsx,Hoja1,2026-06-09,2026-06,25,00979,0032,,,,,,13.8,2.0,False,13.8,13.8,,,,,,,,,,,,,,,
070101,TELA QATAR PREMIUM,PALO DE ROSA,PALO DE ROSA,772009790034,,,,,729,DUPLICATE_LOTROL,receipts_quality_checks.csv,Same LOTROL appears in more than one receipt row. Only first occurrence is counted in official movements.,,,070101|PALO DE ROSA,,,,REP CONTENEDR QATAR PREMIUM 27.XLSX,Hoja1,2026-01-27,2026-01,25,00979,0034,,,,,,24.5,1.0,True,0.0,24.5,,,,,,,,,,,,,,,
070101,TELA QATAR PREMIUM,PALO DE ROSA,PALO DE ROSA,772009790034,,,,,781,DUPLICATE_LOTROL,receipts_quality_checks.csv,Same LOTROL appears in more than one receipt row. Only first occurrence is counted in official movements.,,,070101|PALO DE ROSA,,,,CONTENEDOR QATAR PREMIUM PX 09 JUNIO.xlsx,Hoja1,2026-06-09,2026-06,25,00979,0034,,,,,,24.5,2.0,False,24.5,24.5,,,,,,,,,,,,,,,
070101,TELA QATAR PREMIUM,PALO DE ROSA,PALO DE ROSA,772009790035,,,,,730,DUPLICATE_LOTROL,receipts_quality_checks.csv,Same LOTROL appears in more than one receipt row. Only first occurrence is counted in official movements.,,,070101|PALO DE ROSA,,,,REP CONTENEDR QATAR PREMIUM 27.XLSX,Hoja1,2026-01-27,2026-01,25,00979,0035,,,,,,24.6,1.0,True,0.0,24.6,,,,,,,,,,,,,,,
070101,TELA QATAR PREMIUM,PALO DE ROSA,PALO DE ROSA,772009790035,,,,,782,DUPLICATE_LOTROL,receipts_quality_checks.csv,Same LOTROL appears in more than one receipt row. Only first occurrence is counted in official movements.,,,070101|PALO DE ROSA,,,,CONTENEDOR QATAR PREMIUM PX 09 JUNIO.xlsx,Hoja1,2026-06-09,2026-06,25,00979,0035,,,,,,24.6,2.0,False,24.6,24.6,,,,,,,,,,,,,,,
070102,RIB QATAR PREMIUM,PALO DE ROSA,PALO DE ROSA,772009910004,,,,,953,DUPLICATE_LOTROL,receipts_quality_checks.csv,Same LOTROL appears in more than one receipt row. Only first occurrence is counted in official movements.,,,070102|PALO DE ROSA,,,,REP CONTENEDR QATAR PREMIUM 27.XLSX,Hoja1,2026-01-27,2026-01,25,00991,0004,,,,,,56.4,1.0,True,0.0,56.4,,,,,,,,,,,,,,,
070102,RIB QATAR PREMIUM,PALO DE ROSA,PALO DE ROSA,772009910004,,,,,1003,DUPLICATE_LOTROL,receipts_quality_checks.csv,Same LOTROL appears in more than one receipt row. Only first occurrence is counted in official movements.,,,070102|PALO DE ROSA,,,,CONTENEDOR QATAR PREMIUM PX 09 JUNIO.xlsx,Hoja1,2026-06-09,2026-06,25,00991,0004,,,,,,56.4,2.0,False,56.4,56.4,,,,,,,,,,,,,,,
010201,REEB PERUANA 200 GR,,VERDE BOTELLA,,,,,,,NEGATIVE_INVENTORY,negative_inventory_alerts.csv,,,,010201|VERDE BOTELLA,,,,,,,2026-01,,,,,,,,,,,,,,0.0,0.0,0.0,23.16,0.0,0.0,0.0,-23.16,-23.16,-23.16,True,True,1.0,2026-01,2026-04
010107,PERUANA INTERLOCK 335 GR,,NEGRO,,,,,,,NEGATIVE_INVENTORY,negative_inventory_alerts.csv,,,,010107|NEGRO,,,,,,,2026-03,,,,,,,,,,,,,,0.0,0.0,0.0,56.8,0.0,0.0,0.0,-56.8,-56.8,-56.8,True,True,1.0,2026-03,2026-06
010201,REEB PERUANA 200 GR,,VERDE BOTELLA,,,,,,,NEGATIVE_INVENTORY,negative_inventory_alerts.csv,,,,010201|VERDE BOTELLA,,,,,,,2026-03,,,,,,,,,,,,,,3.6400000000000006,0.0,0.0,12.5,0.0,0.0,0.0,-12.5,-8.86,-8.86,True,True,1.0,2026-01,2026-04
010207,RIB PERUANA INTERLOCK 335 GR,,IVORY,,,,,,,NEGATIVE_INVENTORY,negative_inventory_alerts.csv,,,,010207|IVORY,,,,,,,2026-03,,,,,,,,,,,,,,0.0,0.0,0.0,3.5,0.0,0.0,0.0,-3.5,-3.5,-3.5,True,True,1.0,2026-03,2026-05
010207,RIB PERUANA INTERLOCK 335 GR,,NEGRO,,,,,,,NEGATIVE_INVENTORY,negative_inventory_alerts.csv,,,,010207|NEGRO,,,,,,,2026-03,,,,,,,,,,,,,,0.0,0.0,0.0,3.5,0.0,0.0,0.0,-3.5,-3.5,-3.5,True,True,1.0,2026-03,2026-06
070101,TELA QATAR PREMIUM,,IVORY,,,,,,,NEGATIVE_INVENTORY,negative_inventory_alerts.csv,,,,070101|IVORY,,,,,,,2026-03,,,,,,,,,,,,,,845.5,0.0,0.0,872.2,0.0,0.0,0.0,-872.2,-26.700000000000045,-26.700000000000045,True,True,1.0,2026-01,2026-06
010107,PERUANA INTERLOCK 335 GR,,NEGRO,,,,,,,NEGATIVE_INVENTORY,negative_inventory_alerts.csv,,,,010107|NEGRO,,,,,,,2026-04,,,,,,,,,,,,,,-56.8,0.0,0.0,19.6,0.0,0.0,0.0,-19.6,-76.4,-76.4,True,True,1.0,2026-03,2026-06
010201,REEB PERUANA 200 GR,,VERDE BOTELLA,,,,,,,NEGATIVE_INVENTORY,negative_inventory_alerts.csv,,,,010201|VERDE BOTELLA,,,,,,,2026-04,,,,,,,,,,,,,,-8.86,0.0,0.0,11.7,0.0,0.0,0.0,-11.7,-20.56,-20.56,True,True,1.0,2026-01,2026-04
010207,RIB PERUANA INTERLOCK 335 GR,,IVORY,,,,,,,NEGATIVE_INVENTORY,negative_inventory_alerts.csv,,,,010207|IVORY,,,,,,,2026-04,,,,,,,,,,,,,,-3.5,0.0,0.0,23.4,0.0,0.0,0.0,-23.4,-26.9,-26.9,True,True,1.0,2026-03,2026-05
010207,RIB PERUANA INTERLOCK 335 GR,,NEGRO,,,,,,,NEGATIVE_INVENTORY,negative_inventory_alerts.csv,,,,010207|NEGRO,,,,,,,2026-04,,,,,,,,,,,,,,-3.5,0.0,0.0,22.4,0.0,0.0,0.0,-22.4,-25.9,-25.9,True,True,1.0,2026-03,2026-06
070101,TELA QATAR PREMIUM,,IVORY,,,,,,,NEGATIVE_INVENTORY,negative_inventory_alerts.csv,,,,070101|IVORY,,,,,,,2026-04,,,,,,,,,,,,,,-26.700000000000045,0.0,0.0,0.0,0.0,0.0,0.0,0.0,-26.700000000000045,-26.700000000000045,True,False,0.0,2026-01,2026-06
010107,PERUANA INTERLOCK 335 GR,,NEGRO,,,,,,,NEGATIVE_INVENTORY,negative_inventory_alerts.csv,,,,010107|NEGRO,,,,,,,2026-05,,,,,,,,,,,,,,-76.4,0.0,0.0,19.1,0.0,0.0,0.0,-19.1,-95.5,-95.5,True,True,1.0,2026-03,2026-06
010107,PERUANA INTERLOCK 335 GR,,VERDE BOTELLA,,,,,,,NEGATIVE_INVENTORY,negative_inventory_alerts.csv,,,,010107|VERDE BOTELLA,,,,,,,2026-05,,,,,,,,,,,,,,0.0,0.0,0.0,18.1,0.0,0.0,0.0,-18.1,-18.1,-18.1,True,True,1.0,2026-05,2026-05
010201,RIB PERUANO 200,,INDIGO,,,,,,,NEGATIVE_INVENTORY,negative_inventory_alerts.csv,,,,010201|INDIGO,,,,,,,2026-05,,,,,,,,,,,,,,2.1000000000000005,0.0,0.0,4.1,0.0,0.0,0.0,-4.1,-1.9999999999999991,-1.9999999999999991,True,True,1.0,2025-12,2026-05
010201,REEB PERUANA 200 GR,,VERDE BOTELLA,,,,,,,NEGATIVE_INVENTORY,negative_inventory_alerts.csv,,,,010201|VERDE BOTELLA,,,,,,,2026-05,,,,,,,,,,,,,,-20.56,0.0,0.0,0.0,0.0,0.0,0.0,0.0,-20.56,-20.56,True,False,0.0,2026-01,2026-04
010207,RIB PERUANA INTERLOCK 335 GR,,IVORY,,,,,,,NEGATIVE_INVENTORY,negative_inventory_alerts.csv,,,,010207|IVORY,,,,,,,2026-05,,,,,,,,,,,,,,-26.9,0.0,0.0,1.5,0.0,0.0,0.0,-1.5,-28.4,-28.4,True,True,1.0,2026-03,2026-05
010207,RIB PERUANA INTERLOCK 335 GR,,NEGRO,,,,,,,NEGATIVE_INVENTORY,negative_inventory_alerts.csv,,,,010207|NEGRO,,,,,,,2026-05,,,,,,,,,,,,,,-25.9,0.0,0.0,1.5,0.0,0.0,0.0,-1.5,-27.4,-27.4,True,True,1.0,2026-03,2026-06
010207,RIB PERUANA INTERLOCK 335 GR,,VERDE BOTELLA,,,,,,,NEGATIVE_INVENTORY,negative_inventory_alerts.csv,,,,010207|VERDE BOTELLA,,,,,,,2026-05,,,,,,,,,,,,,,0.0,0.0,0.0,1.5,0.0,0.0,0.0,-1.5,-1.5,-1.5,True,True,1.0,2026-05,2026-05
070101,TELA QATAR PREMIUM,,IVORY,,,,,,,NEGATIVE_INVENTORY,negative_inventory_alerts.csv,,,,070101|IVORY,,,,,,,2026-05,,,,,,,,,,,,,,-26.700000000000045,0.0,0.0,0.0,0.0,0.0,0.0,0.0,-26.700000000000045,-26.700000000000045,True,False,0.0,2026-01,2026-06
010101,PERUANA 200 GR,,VERDE BOTELLA,,,,,,,NEGATIVE_INVENTORY,negative_inventory_alerts.csv,,,,010101|VERDE BOTELLA,,,,,,,2026-06,,,,,,,,,,,,,,0.0,0.0,0.0,137.3,0.0,0.0,0.0,-137.3,-137.3,-137.3,True,True,1.0,2025-12,2026-06
010107,PERUANA INTERLOCK 335 GR,,AZUL M,,,,,,,NEGATIVE_INVENTORY,negative_inventory_alerts.csv,,,,010107|AZUL M,,,,,,,2026-06,,,,,,,,,,,,,,0.0,0.0,0.0,19.1,0.0,0.0,0.0,-19.1,-19.1,-19.1,True,True,1.0,2026-06,2026-06
010107,PERUANA INTERLOCK 335 GR,,NEGRO,,,,,,,NEGATIVE_INVENTORY,negative_inventory_alerts.csv,,,,010107|NEGRO,,,,,,,2026-06,,,,,,,,,,,,,,-95.5,0.0,0.0,250.8,0.0,0.0,0.0,-250.8,-346.3,-346.3,True,True,1.0,2026-03,2026-06
010107,PERUANA INTERLOCK 335 GR,,VERDE BOTELLA,,,,,,,NEGATIVE_INVENTORY,negative_inventory_alerts.csv,,,,010107|VERDE BOTELLA,,,,,,,2026-06,,,,,,,,,,,,,,-18.1,0.0,0.0,0.0,0.0,0.0,0.0,0.0,-18.1,-18.1,True,False,0.0,2026-05,2026-05
010107,PERUANA INTERLOCK 335 GR,,VERDE SECO,,,,,,,NEGATIVE_INVENTORY,negative_inventory_alerts.csv,,,,010107|VERDE SECO,,,,,,,2026-06,,,,,,,,,,,,,,0.0,0.0,0.0,19.1,0.0,0.0,0.0,-19.1,-19.1,-19.1,True,True,1.0,2026-06,2026-06
010201,RIB PERUANO 200,,INDIGO,,,,,,,NEGATIVE_INVENTORY,negative_inventory_alerts.csv,,,,010201|INDIGO,,,,,,,2026-06,,,,,,,,,,,,,,-1.9999999999999991,0.0,0.0,0.0,0.0,0.0,0.0,0.0,-1.9999999999999991,-1.9999999999999991,True,False,0.0,2025-12,2026-05
010201,REEB PERUANA 200 GR,,VERDE BOTELLA,,,,,,,NEGATIVE_INVENTORY,negative_inventory_alerts.csv,,,,010201|VERDE BOTELLA,,,,,,,2026-06,,,,,,,,,,,,,,-20.56,0.0,0.0,0.0,0.0,0.0,0.0,0.0,-20.56,-20.56,True,False,0.0,2026-01,2026-04
010207,RIB PERUANA INTERLOCK 335 GR,,AZUL M,,,,,,,NEGATIVE_INVENTORY,negative_inventory_alerts.csv,,,,010207|AZUL M,,,,,,,2026-06,,,,,,,,,,,,,,0.0,0.0,0.0,1.2,0.0,0.0,0.0,-1.2,-1.2,-1.2,True,True,1.0,2026-06,2026-06
010207,RIB PERUANA INTERLOCK 335 GR,,IVORY,,,,,,,NEGATIVE_INVENTORY,negative_inventory_alerts.csv,,,,010207|IVORY,,,,,,,2026-06,,,,,,,,,,,,,,-28.4,0.0,0.0,0.0,0.0,0.0,0.0,0.0,-28.4,-28.4,True,False,0.0,2026-03,2026-05
010207,RIB PERUANA INTERLOCK 335 GR,,NEGRO,,,,,,,NEGATIVE_INVENTORY,negative_inventory_alerts.csv,,,,010207|NEGRO,,,,,,,2026-06,,,,,,,,,,,,,,-27.4,0.0,0.0,15.0,0.0,0.0,0.0,-15.0,-42.4,-42.4,True,True,1.0,2026-03,2026-06
010207,RIB PERUANA INTERLOCK 335 GR,,VERDE BOTELLA,,,,,,,NEGATIVE_INVENTORY,negative_inventory_alerts.csv,,,,010207|VERDE BOTELLA,,,,,,,2026-06,,,,,,,,,,,,,,-1.5,0.0,0.0,0.0,0.0,0.0,0.0,0.0,-1.5,-1.5,True,False,0.0,2026-05,2026-05
010207,RIB PERUANA INTERLOCK 335 GR,,VERDE SECO,,,,,,,NEGATIVE_INVENTORY,negative_inventory_alerts.csv,,,,010207|VERDE SECO,,,,,,,2026-06,,,,,,,,,,,,,,0.0,0.0,0.0,1.2,0.0,0.0,0.0,-1.2,-1.2,-1.2,True,True,1.0,2026-06,2026-06
